1,1.0002634440468927,1.0003725661440424,1.0002634440468927,1,0.99973655595310718,0.99962743385595776,0.99973655595310718,1,1.0002634440468927,1.0003725661440424,1.0002634440468927,1,0.99973655595310718,0.99962743385595776,0.99973655595310718
1,1.0002634440468927,1.0003725661440424,1.0002634440468927,1,0.99973655595310718,0.99962743385595776,0.99973655595310718,1,1.0002634440468927,1.0003725661440424,1.0002634440468927,1,0.99973655595310718,0.99962743385595776,0.99973655595310718
1,1.0002634440468927,1.0003725661440424,1.0002634440468927,1,0.99973655595310718,0.99962743385595776,0.99973655595310718,1,1.0002634440468927,1.0003725661440424,1.0002634440468927,1,0.99973655595310718,0.99962743385595776,0.99973655595310718
1,1.0002634440468927,1.0003725661440424,1.0002634440468927,1,0.99973655595310718,0.99962743385595776,0.99973655595310718,1,1.0002634440468927,1.0003725661440424,1.0002634440468927,1,0.99973655595310718,0.99962743385595776,0.99973655595310718
1,1.0002634440468927,1.0003725661440424,1.0002634440468927,1,0.99973655595310718,0.99962743385595776,0.99973655595310718,1,1.0002634440468927,1.0003725661440424,1.0002634440468927,1,0.99973655595310718,0.99962743385595776,0.99973655595310718
1,1.0002634440468927,1.0003725661440424,1.0002634440468927,1,0.99973655595310718,0.99962743385595776,0.99973655595310718,1,1.0002634440468927,1.0003725661440424,1.0002634440468927,1,0.99973655595310718,0.99962743385595776,0.99973655595310718
1,1.0002634440468927,1.0003725661440424,1.0002634440468927,1,0.99973655595310718,0.99962743385595776,0.99973655595310718,1,1.0002634440468927,1.0003725661440424,1.0002634440468927,1,0.99973655595310718,0.99962743385595776,0.99973655595310718
1,1.0002634440468927,1.0003725661440424,1.0002634440468927,1,0.99973655595310718,0.99962743385595776,0.99973655595310718,1,1.0002634440468927,1.0003725661440424,1.0002634440468927,1,0.99973655595310718,0.99962743385595776,0.99973655595310718
1,1.0002634440468927,1.0003725661440424,1.0002634440468927,1,0.99973655595310718,0.99962743385595776,0.99973655595310718,1,1.0002634440468927,1.0003725661440424,1.0002634440468927,1,0.99973655595310718,0.99962743385595776,0.99973655595310718
1,1.0002634440468927,1.0003725661440424,1.0002634440468927,1,0.99973655595310718,0.99962743385595776,0.99973655595310718,1,1.0002634440468927,1.0003725661440424,1.0002634440468927,1,0.99973655595310718,0.99962743385595776,0.99973655595310718
1,1.0002634440468927,1.0003725661440424,1.0002634440468927,1,0.99973655595310718,0.99962743385595776,0.99973655595310718,1,1.0002634440468927,1.0003725661440424,1.0002634440468927,1,0.99973655595310718,0.99962743385595776,0.99973655595310718
1,1.0002634440468927,1.0003725661440424,1.0002634440468927,1,0.99973655595310718,0.99962743385595776,0.99973655595310718,1,1.0002634440468927,1.0003725661440424,1.0002634440468927,1,0.99973655595310718,0.99962743385595776,0.99973655595310718
1,1.0002634440468927,1.0003725661440424,1.0002634440468927,1,0.99973655595310718,0.99962743385595776,0.99973655595310718,1,1.0002634440468927,1.0003725661440424,1.0002634440468927,1,0.99973655595310718,0.99962743385595776,0.99973655595310718
1,1.0002634440468927,1.0003725661440424,1.0002634440468927,1,0.99973655595310718,0.99962743385595776,0.99973655595310718,1,1.0002634440468927,1.0003725661440424,1.0002634440468927,1,0.99973655595310718,0.99962743385595776,0.99973655595310718
1,1.0002634440468927,1.0003725661440424,1.0002634440468927,1,0.99973655595310718,0.99962743385595776,0.99973655595310718,1,1.0002634440468927,1.0003725661440424,1.0002634440468927,1,0.99973655595310718,0.99962743385595776,0.99973655595310718
1,1.0002634440468927,1.0003725661440424,1.0002634440468927,1,0.99973655595310718,0.99962743385595776,0.99973655595310718,1,1.0002634440468927,1.0003725661440424,1.0002634440468927,1,0.99973655595310718,0.99962743385595776,0.99973655595310718
0,-3.4131517873082851e-20,-4.8269255480493469e-20,-3.4131517873082857e-20,-5.9112789221412165e-36,3.4131517873082851e-20,4.8269255480493469e-20,3.4131517873082863e-20,1.1822557844282433e-35,-3.4131517873082844e-20,-4.8269255480493469e-20,-3.4131517873082899e-20,-1.7733836766423647e-35,3.4131517873082875e-20,4.8269255480493469e-20,3.4131517873082899e-20
0,-3.4131517873082851e-20,-4.8269255480493469e-20,-3.4131517873082857e-20,-5.9112789221412165e-36,3.4131517873082851e-20,4.8269255480493469e-20,3.4131517873082863e-20,1.1822557844282433e-35,-3.4131517873082844e-20,-4.8269255480493469e-20,-3.4131517873082899e-20,-1.7733836766423647e-35,3.4131517873082875e-20,4.8269255480493469e-20,3.4131517873082899e-20
0,-3.4131517873082851e-20,-4.8269255480493469e-20,-3.4131517873082857e-20,-5.9112789221412165e-36,3.4131517873082851e-20,4.8269255480493469e-20,3.4131517873082863e-20,1.1822557844282433e-35,-3.4131517873082844e-20,-4.8269255480493469e-20,-3.4131517873082899e-20,-1.7733836766423647e-35,3.4131517873082875e-20,4.8269255480493469e-20,3.4131517873082899e-20
0,-3.4131517873082851e-20,-4.8269255480493469e-20,-3.4131517873082857e-20,-5.9112789221412165e-36,3.4131517873082851e-20,4.8269255480493469e-20,3.4131517873082863e-20,1.1822557844282433e-35,-3.4131517873082844e-20,-4.8269255480493469e-20,-3.4131517873082899e-20,-1.7733836766423647e-35,3.4131517873082875e-20,4.8269255480493469e-20,3.4131517873082899e-20
0,-3.4131517873082851e-20,-4.8269255480493469e-20,-3.4131517873082857e-20,-5.9112789221412165e-36,3.4131517873082851e-20,4.8269255480493469e-20,3.4131517873082863e-20,1.1822557844282433e-35,-3.4131517873082844e-20,-4.8269255480493469e-20,-3.4131517873082899e-20,-1.7733836766423647e-35,3.4131517873082875e-20,4.8269255480493469e-20,3.4131517873082899e-20
0,-3.4131517873082851e-20,-4.8269255480493469e-20,-3.4131517873082857e-20,-5.9112789221412165e-36,3.4131517873082851e-20,4.8269255480493469e-20,3.4131517873082863e-20,1.1822557844282433e-35,-3.4131517873082844e-20,-4.8269255480493469e-20,-3.4131517873082899e-20,-1.7733836766423647e-35,3.4131517873082875e-20,4.8269255480493469e-20,3.4131517873082899e-20
0,-3.4131517873082851e-20,-4.8269255480493469e-20,-3.4131517873082857e-20,-5.9112789221412165e-36,3.4131517873082851e-20,4.8269255480493469e-20,3.4131517873082863e-20,1.1822557844282433e-35,-3.4131517873082844e-20,-4.8269255480493469e-20,-3.4131517873082899e-20,-1.7733836766423647e-35,3.4131517873082875e-20,4.8269255480493469e-20,3.4131517873082899e-20
0,-3.4131517873082851e-20,-4.8269255480493469e-20,-3.4131517873082857e-20,-5.9112789221412165e-36,3.4131517873082851e-20,4.8269255480493469e-20,3.4131517873082863e-20,1.1822557844282433e-35,-3.4131517873082844e-20,-4.8269255480493469e-20,-3.4131517873082899e-20,-1.7733836766423647e-35,3.4131517873082875e-20,4.8269255480493469e-20,3.4131517873082899e-20
0,-3.4131517873082851e-20,-4.8269255480493469e-20,-3.4131517873082857e-20,-5.9112789221412165e-36,3.4131517873082851e-20,4.8269255480493469e-20,3.4131517873082863e-20,1.1822557844282433e-35,-3.4131517873082844e-20,-4.8269255480493469e-20,-3.4131517873082899e-20,-1.7733836766423647e-35,3.4131517873082875e-20,4.8269255480493469e-20,3.4131517873082899e-20
0,-3.4131517873082851e-20,-4.8269255480493469e-20,-3.4131517873082857e-20,-5.9112789221412165e-36,3.4131517873082851e-20,4.8269255480493469e-20,3.4131517873082863e-20,1.1822557844282433e-35,-3.4131517873082844e-20,-4.8269255480493469e-20,-3.4131517873082899e-20,-1.7733836766423647e-35,3.4131517873082875e-20,4.8269255480493469e-20,3.4131517873082899e-20
0,-3.4131517873082851e-20,-4.8269255480493469e-20,-3.4131517873082857e-20,-5.9112789221412165e-36,3.4131517873082851e-20,4.8269255480493469e-20,3.4131517873082863e-20,1.1822557844282433e-35,-3.4131517873082844e-20,-4.8269255480493469e-20,-3.4131517873082899e-20,-1.7733836766423647e-35,3.4131517873082875e-20,4.8269255480493469e-20,3.4131517873082899e-20
0,-3.4131517873082851e-20,-4.8269255480493469e-20,-3.4131517873082857e-20,-5.9112789221412165e-36,3.4131517873082851e-20,4.8269255480493469e-20,3.4131517873082863e-20,1.1822557844282433e-35,-3.4131517873082844e-20,-4.8269255480493469e-20,-3.4131517873082899e-20,-1.7733836766423647e-35,3.4131517873082875e-20,4.8269255480493469e-20,3.4131517873082899e-20
0,-3.4131517873082851e-20,-4.8269255480493469e-20,-3.4131517873082857e-20,-5.9112789221412165e-36,3.4131517873082851e-20,4.8269255480493469e-20,3.4131517873082863e-20,1.1822557844282433e-35,-3.4131517873082844e-20,-4.8269255480493469e-20,-3.4131517873082899e-20,-1.7733836766423647e-35,3.4131517873082875e-20,4.8269255480493469e-20,3.4131517873082899e-20
0,-3.4131517873082851e-20,-4.8269255480493469e-20,-3.4131517873082857e-20,-5.9112789221412165e-36,3.4131517873082851e-20,4.8269255480493469e-20,3.4131517873082863e-20,1.1822557844282433e-35,-3.4131517873082844e-20,-4.8269255480493469e-20,-3.4131517873082899e-20,-1.7733836766423647e-35,3.4131517873082875e-20,4.8269255480493469e-20,3.4131517873082899e-20
0,-3.4131517873082851e-20,-4.8269255480493469e-20,-3.4131517873082857e-20,-5.9112789221412165e-36,3.4131517873082851e-20,4.8269255480493469e-20,3.4131517873082863e-20,1.1822557844282433e-35,-3.4131517873082844e-20,-4.8269255480493469e-20,-3.4131517873082899e-20,-1.7733836766423647e-35,3.4131517873082875e-20,4.8269255480493469e-20,3.4131517873082899e-20
0,-3.4131517873082851e-20,-4.8269255480493469e-20,-3.4131517873082857e-20,-5.9112789221412165e-36,3.4131517873082851e-20,4.8269255480493469e-20,3.4131517873082863e-20,1.1822557844282433e-35,-3.4131517873082844e-20,-4.8269255480493469e-20,-3.4131517873082899e-20,-1.7733836766423647e-35,3.4131517873082875e-20,4.8269255480493469e-20,3.4131517873082899e-20
1,1.0002634440468927,1.0003725661440424,1.0002634440468927,1,0.99973655595310718,0.99962743385595776,0.99973655595310718,1,1.0002634440468927,1.0003725661440424,1.0002634440468927,1,0.99973655595310718,0.99962743385595776,0.99973655595310718
1,1.0002634440468927,1.0003725661440424,1.0002634440468927,1,0.99973655595310718,0.99962743385595776,0.99973655595310718,1,1.0002634440468927,1.0003725661440424,1.0002634440468927,1,0.99973655595310718,0.99962743385595776,0.99973655595310718
1,1.0002634440468927,1.0003725661440424,1.0002634440468927,1,0.99973655595310718,0.99962743385595776,0.99973655595310718,1,1.0002634440468927,1.0003725661440424,1.0002634440468927,1,0.99973655595310718,0.99962743385595776,0.99973655595310718
1,1.0002634440468927,1.0003725661440424,1.0002634440468927,1,0.99973655595310718,0.99962743385595776,0.99973655595310718,1,1.0002634440468927,1.0003725661440424,1.0002634440468927,1,0.99973655595310718,0.99962743385595776,0.99973655595310718
1,1.0002634440468927,1.0003725661440424,1.0002634440468927,1,0.99973655595310718,0.99962743385595776,0.99973655595310718,1,1.0002634440468927,1.0003725661440424,1.0002634440468927,1,0.99973655595310718,0.99962743385595776,0.99973655595310718
1,1.0002634440468927,1.0003725661440424,1.0002634440468927,1,0.99973655595310718,0.99962743385595776,0.99973655595310718,1,1.0002634440468927,1.0003725661440424,1.0002634440468927,1,0.99973655595310718,0.99962743385595776,0.99973655595310718
1,1.0002634440468927,1.0003725661440424,1.0002634440468927,1,0.99973655595310718,0.99962743385595776,0.99973655595310718,1,1.0002634440468927,1.0003725661440424,1.0002634440468927,1,0.99973655595310718,0.99962743385595776,0.99973655595310718
1,1.0002634440468927,1.0003725661440424,1.0002634440468927,1,0.99973655595310718,0.99962743385595776,0.99973655595310718,1,1.0002634440468927,1.0003725661440424,1.0002634440468927,1,0.99973655595310718,0.99962743385595776,0.99973655595310718
1,1.0002634440468927,1.0003725661440424,1.0002634440468927,1,0.99973655595310718,0.99962743385595776,0.99973655595310718,1,1.0002634440468927,1.0003725661440424,1.0002634440468927,1,0.99973655595310718,0.99962743385595776,0.99973655595310718
1,1.0002634440468927,1.0003725661440424,1.0002634440468927,1,0.99973655595310718,0.99962743385595776,0.99973655595310718,1,1.0002634440468927,1.0003725661440424,1.0002634440468927,1,0.99973655595310718,0.99962743385595776,0.99973655595310718
1,1.0002634440468927,1.0003725661440424,1.0002634440468927,1,0.99973655595310718,0.99962743385595776,0.99973655595310718,1,1.0002634440468927,1.0003725661440424,1.0002634440468927,1,0.99973655595310718,0.99962743385595776,0.99973655595310718
1,1.0002634440468927,1.0003725661440424,1.0002634440468927,1,0.99973655595310718,0.99962743385595776,0.99973655595310718,1,1.0002634440468927,1.0003725661440424,1.0002634440468927,1,0.99973655595310718,0.99962743385595776,0.99973655595310718
1,1.0002634440468927,1.0003725661440424,1.0002634440468927,1,0.99973655595310718,0.99962743385595776,0.99973655595310718,1,1.0002634440468927,1.0003725661440424,1.0002634440468927,1,0.99973655595310718,0.99962743385595776,0.99973655595310718
1,1.0002634440468927,1.0003725661440424,1.0002634440468927,1,0.99973655595310718,0.99962743385595776,0.99973655595310718,1,1.0002634440468927,1.0003725661440424,1.0002634440468927,1,0.99973655595310718,0.99962743385595776,0.99973655595310718
1,1.0002634440468927,1.0003725661440424,1.0002634440468927,1,0.99973655595310718,0.99962743385595776,0.99973655595310718,1,1.0002634440468927,1.0003725661440424,1.0002634440468927,1,0.99973655595310718,0.99962743385595776,0.99973655595310718
1,1.0002634440468927,1.0003725661440424,1.0002634440468927,1,0.99973655595310718,0.99962743385595776,0.99973655595310718,1,1.0002634440468927,1.0003725661440424,1.0002634440468927,1,0.99973655595310718,0.99962743385595776,0.99973655595310718
0,6.9412361610846905e-19,9.8163903186405282e-19,6.9412361610846924e-19,1.2021610982904189e-34,-6.9412361610846905e-19,-9.8163903186405282e-19,-6.9412361610846933e-19,-2.4043221965808378e-34,6.9412361610846895e-19,9.8163903186405282e-19,6.941236161084701e-19,3.6064832948712567e-34,-6.9412361610846953e-19,-9.8163903186405282e-19,-6.941236161084701e-19
0,6.9412361610846905e-19,9.8163903186405282e-19,6.9412361610846924e-19,1.2021610982904189e-34,-6.9412361610846905e-19,-9.8163903186405282e-19,-6.9412361610846933e-19,-2.4043221965808378e-34,6.9412361610846895e-19,9.8163903186405282e-19,6.941236161084701e-19,3.6064832948712567e-34,-6.9412361610846953e-19,-9.8163903186405282e-19,-6.941236161084701e-19
0,6.9412361610846905e-19,9.8163903186405282e-19,6.9412361610846924e-19,1.2021610982904189e-34,-6.9412361610846905e-19,-9.8163903186405282e-19,-6.9412361610846933e-19,-2.4043221965808378e-34,6.9412361610846895e-19,9.8163903186405282e-19,6.941236161084701e-19,3.6064832948712567e-34,-6.9412361610846953e-19,-9.8163903186405282e-19,-6.941236161084701e-19
0,6.9412361610846905e-19,9.8163903186405282e-19,6.9412361610846924e-19,1.2021610982904189e-34,-6.9412361610846905e-19,-9.8163903186405282e-19,-6.9412361610846933e-19,-2.4043221965808378e-34,6.9412361610846895e-19,9.8163903186405282e-19,6.941236161084701e-19,3.6064832948712567e-34,-6.9412361610846953e-19,-9.8163903186405282e-19,-6.941236161084701e-19
0,6.9412361610846905e-19,9.8163903186405282e-19,6.9412361610846924e-19,1.2021610982904189e-34,-6.9412361610846905e-19,-9.8163903186405282e-19,-6.9412361610846933e-19,-2.4043221965808378e-34,6.9412361610846895e-19,9.8163903186405282e-19,6.941236161084701e-19,3.6064832948712567e-34,-6.9412361610846953e-19,-9.8163903186405282e-19,-6.941236161084701e-19
0,6.9412361610846905e-19,9.8163903186405282e-19,6.9412361610846924e-19,1.2021610982904189e-34,-6.9412361610846905e-19,-9.8163903186405282e-19,-6.9412361610846933e-19,-2.4043221965808378e-34,6.9412361610846895e-19,9.8163903186405282e-19,6.941236161084701e-19,3.6064832948712567e-34,-6.9412361610846953e-19,-9.8163903186405282e-19,-6.941236161084701e-19
0,6.9412361610846905e-19,9.8163903186405282e-19,6.9412361610846924e-19,1.2021610982904189e-34,-6.9412361610846905e-19,-9.8163903186405282e-19,-6.9412361610846933e-19,-2.4043221965808378e-34,6.9412361610846895e-19,9.8163903186405282e-19,6.941236161084701e-19,3.6064832948712567e-34,-6.9412361610846953e-19,-9.8163903186405282e-19,-6.941236161084701e-19
0,6.9412361610846905e-19,9.8163903186405282e-19,6.9412361610846924e-19,1.2021610982904189e-34,-6.9412361610846905e-19,-9.8163903186405282e-19,-6.9412361610846933e-19,-2.4043221965808378e-34,6.9412361610846895e-19,9.8163903186405282e-19,6.941236161084701e-19,3.6064832948712567e-34,-6.9412361610846953e-19,-9.8163903186405282e-19,-6.941236161084701e-19
0,6.9412361610846905e-19,9.8163903186405282e-19,6.9412361610846924e-19,1.2021610982904189e-34,-6.9412361610846905e-19,-9.8163903186405282e-19,-6.9412361610846933e-19,-2.4043221965808378e-34,6.9412361610846895e-19,9.8163903186405282e-19,6.941236161084701e-19,3.6064832948712567e-34,-6.9412361610846953e-19,-9.8163903186405282e-19,-6.941236161084701e-19
0,6.9412361610846905e-19,9.8163903186405282e-19,6.9412361610846924e-19,1.2021610982904189e-34,-6.9412361610846905e-19,-9.8163903186405282e-19,-6.9412361610846933e-19,-2.4043221965808378e-34,6.9412361610846895e-19,9.8163903186405282e-19,6.941236161084701e-19,3.6064832948712567e-34,-6.9412361610846953e-19,-9.8163903186405282e-19,-6.941236161084701e-19
0,6.9412361610846905e-19,9.8163903186405282e-19,6.9412361610846924e-19,1.2021610982904189e-34,-6.9412361610846905e-19,-9.8163903186405282e-19,-6.9412361610846933e-19,-2.4043221965808378e-34,6.9412361610846895e-19,9.8163903186405282e-19,6.941236161084701e-19,3.6064832948712567e-34,-6.9412361610846953e-19,-9.8163903186405282e-19,-6.941236161084701e-19
0,6.9412361610846905e-19,9.8163903186405282e-19,6.9412361610846924e-19,1.2021610982904189e-34,-6.9412361610846905e-19,-9.8163903186405282e-19,-6.9412361610846933e-19,-2.4043221965808378e-34,6.9412361610846895e-19,9.8163903186405282e-19,6.941236161084701e-19,3.6064832948712567e-34,-6.9412361610846953e-19,-9.8163903186405282e-19,-6.941236161084701e-19
0,6.9412361610846905e-19,9.8163903186405282e-19,6.9412361610846924e-19,1.2021610982904189e-34,-6.9412361610846905e-19,-9.8163903186405282e-19,-6.9412361610846933e-19,-2.4043221965808378e-34,6.9412361610846895e-19,9.8163903186405282e-19,6.941236161084701e-19,3.6064832948712567e-34,-6.9412361610846953e-19,-9.8163903186405282e-19,-6.941236161084701e-19
0,6.9412361610846905e-19,9.8163903186405282e-19,6.9412361610846924e-19,1.2021610982904189e-34,-6.9412361610846905e-19,-9.8163903186405282e-19,-6.9412361610846933e-19,-2.4043221965808378e-34,6.9412361610846895e-19,9.8163903186405282e-19,6.941236161084701e-19,3.6064832948712567e-34,-6.9412361610846953e-19,-9.8163903186405282e-19,-6.941236161084701e-19
0,6.9412361610846905e-19,9.8163903186405282e-19,6.9412361610846924e-19,1.2021610982904189e-34,-6.9412361610846905e-19,-9.8163903186405282e-19,-6.9412361610846933e-19,-2.4043221965808378e-34,6.9412361610846895e-19,9.8163903186405282e-19,6.941236161084701e-19,3.6064832948712567e-34,-6.9412361610846953e-19,-9.8163903186405282e-19,-6.941236161084701e-19
0,6.9412361610846905e-19,9.8163903186405282e-19,6.9412361610846924e-19,1.2021610982904189e-34,-6.9412361610846905e-19,-9.8163903186405282e-19,-6.9412361610846933e-19,-2.4043221965808378e-34,6.9412361610846895e-19,9.8163903186405282e-19,6.941236161084701e-19,3.6064832948712567e-34,-6.9412361610846953e-19,-9.8163903186405282e-19,-6.941236161084701e-19
3,3.0007903321406784,3.0011176984321271,3.0007903321406784,3,2.9992096678593216,2.9988823015678729,2.9992096678593216,3,3.0007903321406784,3.0011176984321271,3.0007903321406784,3,2.9992096678593216,2.9988823015678729,2.9992096678593216
3,3.0007903321406784,3.0011176984321271,3.0007903321406784,3,2.9992096678593216,2.9988823015678729,2.9992096678593216,3,3.0007903321406784,3.0011176984321271,3.0007903321406784,3,2.9992096678593216,2.9988823015678729,2.9992096678593216
3,3.0007903321406784,3.0011176984321271,3.0007903321406784,3,2.9992096678593216,2.9988823015678729,2.9992096678593216,3,3.0007903321406784,3.0011176984321271,3.0007903321406784,3,2.9992096678593216,2.9988823015678729,2.9992096678593216
3,3.0007903321406784,3.0011176984321271,3.0007903321406784,3,2.9992096678593216,2.9988823015678729,2.9992096678593216,3,3.0007903321406784,3.0011176984321271,3.0007903321406784,3,2.9992096678593216,2.9988823015678729,2.9992096678593216
3,3.0007903321406784,3.0011176984321271,3.0007903321406784,3,2.9992096678593216,2.9988823015678729,2.9992096678593216,3,3.0007903321406784,3.0011176984321271,3.0007903321406784,3,2.9992096678593216,2.9988823015678729,2.9992096678593216
3,3.0007903321406784,3.0011176984321271,3.0007903321406784,3,2.9992096678593216,2.9988823015678729,2.9992096678593216,3,3.0007903321406784,3.0011176984321271,3.0007903321406784,3,2.9992096678593216,2.9988823015678729,2.9992096678593216
3,3.0007903321406784,3.0011176984321271,3.0007903321406784,3,2.9992096678593216,2.9988823015678729,2.9992096678593216,3,3.0007903321406784,3.0011176984321271,3.0007903321406784,3,2.9992096678593216,2.9988823015678729,2.9992096678593216
3,3.0007903321406784,3.0011176984321271,3.0007903321406784,3,2.9992096678593216,2.9988823015678729,2.9992096678593216,3,3.0007903321406784,3.0011176984321271,3.0007903321406784,3,2.9992096678593216,2.9988823015678729,2.9992096678593216
3,3.0007903321406784,3.0011176984321271,3.0007903321406784,3,2.9992096678593216,2.9988823015678729,2.9992096678593216,3,3.0007903321406784,3.0011176984321271,3.0007903321406784,3,2.9992096678593216,2.9988823015678729,2.9992096678593216
3,3.0007903321406784,3.0011176984321271,3.0007903321406784,3,2.9992096678593216,2.9988823015678729,2.9992096678593216,3,3.0007903321406784,3.0011176984321271,3.0007903321406784,3,2.9992096678593216,2.9988823015678729,2.9992096678593216
3,3.0007903321406784,3.0011176984321271,3.0007903321406784,3,2.9992096678593216,2.9988823015678729,2.9992096678593216,3,3.0007903321406784,3.0011176984321271,3.0007903321406784,3,2.9992096678593216,2.9988823015678729,2.9992096678593216
3,3.0007903321406784,3.0011176984321271,3.0007903321406784,3,2.9992096678593216,2.9988823015678729,2.9992096678593216,3,3.0007903321406784,3.0011176984321271,3.0007903321406784,3,2.9992096678593216,2.9988823015678729,2.9992096678593216
3,3.0007903321406784,3.0011176984321271,3.0007903321406784,3,2.9992096678593216,2.9988823015678729,2.9992096678593216,3,3.0007903321406784,3.0011176984321271,3.0007903321406784,3,2.9992096678593216,2.9988823015678729,2.9992096678593216
3,3.0007903321406784,3.0011176984321271,3.0007903321406784,3,2.9992096678593216,2.9988823015678729,2.9992096678593216,3,3.0007903321406784,3.0011176984321271,3.0007903321406784,3,2.9992096678593216,2.9988823015678729,2.9992096678593216
3,3.0007903321406784,3.0011176984321271,3.0007903321406784,3,2.9992096678593216,2.9988823015678729,2.9992096678593216,3,3.0007903321406784,3.0011176984321271,3.0007903321406784,3,2.9992096678593216,2.9988823015678729,2.9992096678593216
3,3.0007903321406784,3.0011176984321271,3.0007903321406784,3,2.9992096678593216,2.9988823015678729,2.9992096678593216,3,3.0007903321406784,3.0011176984321271,3.0007903321406784,3,2.9992096678593216,2.9988823015678729,2.9992096678593216
0,0.00082234651266894132,0.0011629735911866351,0.00082234651266894143,1.4242318859396151e-19,-0.00082234651266894132,-0.0011629735911866351,-0.00082234651266894154,-2.8484637718792301e-19,0.00082234651266894121,0.0011629735911866351,0.0008223465126689424,4.2726956578188454e-19,-0.00082234651266894186,-0.0011629735911866351,-0.0008223465126689424
0,0.00082234651266894132,0.0011629735911866351,0.00082234651266894143,1.4242318859396151e-19,-0.00082234651266894132,-0.0011629735911866351,-0.00082234651266894154,-2.8484637718792301e-19,0.00082234651266894121,0.0011629735911866351,0.0008223465126689424,4.2726956578188454e-19,-0.00082234651266894186,-0.0011629735911866351,-0.0008223465126689424
0,0.00082234651266894132,0.0011629735911866351,0.00082234651266894143,1.4242318859396151e-19,-0.00082234651266894132,-0.0011629735911866351,-0.00082234651266894154,-2.8484637718792301e-19,0.00082234651266894121,0.0011629735911866351,0.0008223465126689424,4.2726956578188454e-19,-0.00082234651266894186,-0.0011629735911866351,-0.0008223465126689424
0,0.00082234651266894132,0.0011629735911866351,0.00082234651266894143,1.4242318859396151e-19,-0.00082234651266894132,-0.0011629735911866351,-0.00082234651266894154,-2.8484637718792301e-19,0.00082234651266894121,0.0011629735911866351,0.0008223465126689424,4.2726956578188454e-19,-0.00082234651266894186,-0.0011629735911866351,-0.0008223465126689424
0,0.00082234651266894132,0.0011629735911866351,0.00082234651266894143,1.4242318859396151e-19,-0.00082234651266894132,-0.0011629735911866351,-0.00082234651266894154,-2.8484637718792301e-19,0.00082234651266894121,0.0011629735911866351,0.0008223465126689424,4.2726956578188454e-19,-0.00082234651266894186,-0.0011629735911866351,-0.0008223465126689424
0,0.00082234651266894132,0.0011629735911866351,0.00082234651266894143,1.4242318859396151e-19,-0.00082234651266894132,-0.0011629735911866351,-0.00082234651266894154,-2.8484637718792301e-19,0.00082234651266894121,0.0011629735911866351,0.0008223465126689424,4.2726956578188454e-19,-0.00082234651266894186,-0.0011629735911866351,-0.0008223465126689424
0,0.00082234651266894132,0.0011629735911866351,0.00082234651266894143,1.4242318859396151e-19,-0.00082234651266894132,-0.0011629735911866351,-0.00082234651266894154,-2.8484637718792301e-19,0.00082234651266894121,0.0011629735911866351,0.0008223465126689424,4.2726956578188454e-19,-0.00082234651266894186,-0.0011629735911866351,-0.0008223465126689424
0,0.00082234651266894132,0.0011629735911866351,0.00082234651266894143,1.4242318859396151e-19,-0.00082234651266894132,-0.0011629735911866351,-0.00082234651266894154,-2.8484637718792301e-19,0.00082234651266894121,0.0011629735911866351,0.0008223465126689424,4.2726956578188454e-19,-0.00082234651266894186,-0.0011629735911866351,-0.0008223465126689424
0,0.00082234651266894132,0.0011629735911866351,0.00082234651266894143,1.4242318859396151e-19,-0.00082234651266894132,-0.0011629735911866351,-0.00082234651266894154,-2.8484637718792301e-19,0.00082234651266894121,0.0011629735911866351,0.0008223465126689424,4.2726956578188454e-19,-0.00082234651266894186,-0.0011629735911866351,-0.0008223465126689424
0,0.00082234651266894132,0.0011629735911866351,0.00082234651266894143,1.4242318859396151e-19,-0.00082234651266894132,-0.0011629735911866351,-0.00082234651266894154,-2.8484637718792301e-19,0.00082234651266894121,0.0011629735911866351,0.0008223465126689424,4.2726956578188454e-19,-0.00082234651266894186,-0.0011629735911866351,-0.0008223465126689424
0,0.00082234651266894132,0.0011629735911866351,0.00082234651266894143,1.4242318859396151e-19,-0.00082234651266894132,-0.0011629735911866351,-0.00082234651266894154,-2.8484637718792301e-19,0.00082234651266894121,0.0011629735911866351,0.0008223465126689424,4.2726956578188454e-19,-0.00082234651266894186,-0.0011629735911866351,-0.0008223465126689424
0,0.00082234651266894132,0.0011629735911866351,0.00082234651266894143,1.4242318859396151e-19,-0.00082234651266894132,-0.0011629735911866351,-0.00082234651266894154,-2.8484637718792301e-19,0.00082234651266894121,0.0011629735911866351,0.0008223465126689424,4.2726956578188454e-19,-0.00082234651266894186,-0.0011629735911866351,-0.0008223465126689424
0,0.00082234651266894132,0.0011629735911866351,0.00082234651266894143,1.4242318859396151e-19,-0.00082234651266894132,-0.0011629735911866351,-0.00082234651266894154,-2.8484637718792301e-19,0.00082234651266894121,0.0011629735911866351,0.0008223465126689424,4.2726956578188454e-19,-0.00082234651266894186,-0.0011629735911866351,-0.0008223465126689424
0,0.00082234651266894132,0.0011629735911866351,0.00082234651266894143,1.4242318859396151e-19,-0.00082234651266894132,-0.0011629735911866351,-0.00082234651266894154,-2.8484637718792301e-19,0.00082234651266894121,0.0011629735911866351,0.0008223465126689424,4.2726956578188454e-19,-0.00082234651266894186,-0.0011629735911866351,-0.0008223465126689424
0,0.00082234651266894132,0.0011629735911866351,0.00082234651266894143,1.4242318859396151e-19,-0.00082234651266894132,-0.0011629735911866351,-0.00082234651266894154,-2.8484637718792301e-19,0.00082234651266894121,0.0011629735911866351,0.0008223465126689424,4.2726956578188454e-19,-0.00082234651266894186,-0.0011629735911866351,-0.0008223465126689424
0,0.00082234651266894132,0.0011629735911866351,0.00082234651266894143,1.4242318859396151e-19,-0.00082234651266894132,-0.0011629735911866351,-0.00082234651266894154,-2.8484637718792301e-19,0.00082234651266894121,0.0011629735911866351,0.0008223465126689424,4.2726956578188454e-19,-0.00082234651266894186,-0.0011629735911866351,-0.0008223465126689424
0,8.8638454595973575e-21,1.2535370463741764e-20,8.863845459597359e-21,1.5351401314547623e-36,-8.8638454595973575e-21,-1.2535370463741764e-20,-8.8638454595973605e-21,-3.0702802629095247e-36,8.863845459597356e-21,1.2535370463741764e-20,8.8638454595973695e-21,4.605420394364287e-36,-8.8638454595973635e-21,-1.2535370463741764e-20,-8.8638454595973695e-21
0,8.8638454595973575e-21,1.2535370463741764e-20,8.863845459597359e-21,1.5351401314547623e-36,-8.8638454595973575e-21,-1.2535370463741764e-20,-8.8638454595973605e-21,-3.0702802629095247e-36,8.863845459597356e-21,1.2535370463741764e-20,8.8638454595973695e-21,4.605420394364287e-36,-8.8638454595973635e-21,-1.2535370463741764e-20,-8.8638454595973695e-21
0,8.8638454595973575e-21,1.2535370463741764e-20,8.863845459597359e-21,1.5351401314547623e-36,-8.8638454595973575e-21,-1.2535370463741764e-20,-8.8638454595973605e-21,-3.0702802629095247e-36,8.863845459597356e-21,1.2535370463741764e-20,8.8638454595973695e-21,4.605420394364287e-36,-8.8638454595973635e-21,-1.2535370463741764e-20,-8.8638454595973695e-21
0,8.8638454595973575e-21,1.2535370463741764e-20,8.863845459597359e-21,1.5351401314547623e-36,-8.8638454595973575e-21,-1.2535370463741764e-20,-8.8638454595973605e-21,-3.0702802629095247e-36,8.863845459597356e-21,1.2535370463741764e-20,8.8638454595973695e-21,4.605420394364287e-36,-8.8638454595973635e-21,-1.2535370463741764e-20,-8.8638454595973695e-21
0,8.8638454595973575e-21,1.2535370463741764e-20,8.863845459597359e-21,1.5351401314547623e-36,-8.8638454595973575e-21,-1.2535370463741764e-20,-8.8638454595973605e-21,-3.0702802629095247e-36,8.863845459597356e-21,1.2535370463741764e-20,8.8638454595973695e-21,4.605420394364287e-36,-8.8638454595973635e-21,-1.2535370463741764e-20,-8.8638454595973695e-21
0,8.8638454595973575e-21,1.2535370463741764e-20,8.863845459597359e-21,1.5351401314547623e-36,-8.8638454595973575e-21,-1.2535370463741764e-20,-8.8638454595973605e-21,-3.0702802629095247e-36,8.863845459597356e-21,1.2535370463741764e-20,8.8638454595973695e-21,4.605420394364287e-36,-8.8638454595973635e-21,-1.2535370463741764e-20,-8.8638454595973695e-21
0,8.8638454595973575e-21,1.2535370463741764e-20,8.863845459597359e-21,1.5351401314547623e-36,-8.8638454595973575e-21,-1.2535370463741764e-20,-8.8638454595973605e-21,-3.0702802629095247e-36,8.863845459597356e-21,1.2535370463741764e-20,8.8638454595973695e-21,4.605420394364287e-36,-8.8638454595973635e-21,-1.2535370463741764e-20,-8.8638454595973695e-21
0,8.8638454595973575e-21,1.2535370463741764e-20,8.863845459597359e-21,1.5351401314547623e-36,-8.8638454595973575e-21,-1.2535370463741764e-20,-8.8638454595973605e-21,-3.0702802629095247e-36,8.863845459597356e-21,1.2535370463741764e-20,8.8638454595973695e-21,4.605420394364287e-36,-8.8638454595973635e-21,-1.2535370463741764e-20,-8.8638454595973695e-21
0,8.8638454595973575e-21,1.2535370463741764e-20,8.863845459597359e-21,1.5351401314547623e-36,-8.8638454595973575e-21,-1.2535370463741764e-20,-8.8638454595973605e-21,-3.0702802629095247e-36,8.863845459597356e-21,1.2535370463741764e-20,8.8638454595973695e-21,4.605420394364287e-36,-8.8638454595973635e-21,-1.2535370463741764e-20,-8.8638454595973695e-21
0,8.8638454595973575e-21,1.2535370463741764e-20,8.863845459597359e-21,1.5351401314547623e-36,-8.8638454595973575e-21,-1.2535370463741764e-20,-8.8638454595973605e-21,-3.0702802629095247e-36,8.863845459597356e-21,1.2535370463741764e-20,8.8638454595973695e-21,4.605420394364287e-36,-8.8638454595973635e-21,-1.2535370463741764e-20,-8.8638454595973695e-21
0,8.8638454595973575e-21,1.2535370463741764e-20,8.863845459597359e-21,1.5351401314547623e-36,-8.8638454595973575e-21,-1.2535370463741764e-20,-8.8638454595973605e-21,-3.0702802629095247e-36,8.863845459597356e-21,1.2535370463741764e-20,8.8638454595973695e-21,4.605420394364287e-36,-8.8638454595973635e-21,-1.2535370463741764e-20,-8.8638454595973695e-21
0,8.8638454595973575e-21,1.2535370463741764e-20,8.863845459597359e-21,1.5351401314547623e-36,-8.8638454595973575e-21,-1.2535370463741764e-20,-8.8638454595973605e-21,-3.0702802629095247e-36,8.863845459597356e-21,1.2535370463741764e-20,8.8638454595973695e-21,4.605420394364287e-36,-8.8638454595973635e-21,-1.2535370463741764e-20,-8.8638454595973695e-21
0,8.8638454595973575e-21,1.2535370463741764e-20,8.863845459597359e-21,1.5351401314547623e-36,-8.8638454595973575e-21,-1.2535370463741764e-20,-8.8638454595973605e-21,-3.0702802629095247e-36,8.863845459597356e-21,1.2535370463741764e-20,8.8638454595973695e-21,4.605420394364287e-36,-8.8638454595973635e-21,-1.2535370463741764e-20,-8.8638454595973695e-21
0,8.8638454595973575e-21,1.2535370463741764e-20,8.863845459597359e-21,1.5351401314547623e-36,-8.8638454595973575e-21,-1.2535370463741764e-20,-8.8638454595973605e-21,-3.0702802629095247e-36,8.863845459597356e-21,1.2535370463741764e-20,8.8638454595973695e-21,4.605420394364287e-36,-8.8638454595973635e-21,-1.2535370463741764e-20,-8.8638454595973695e-21
0,8.8638454595973575e-21,1.2535370463741764e-20,8.863845459597359e-21,1.5351401314547623e-36,-8.8638454595973575e-21,-1.2535370463741764e-20,-8.8638454595973605e-21,-3.0702802629095247e-36,8.863845459597356e-21,1.2535370463741764e-20,8.8638454595973695e-21,4.605420394364287e-36,-8.8638454595973635e-21,-1.2535370463741764e-20,-8.8638454595973695e-21
0,8.8638454595973575e-21,1.2535370463741764e-20,8.863845459597359e-21,1.5351401314547623e-36,-8.8638454595973575e-21,-1.2535370463741764e-20,-8.8638454595973605e-21,-3.0702802629095247e-36,8.863845459597356e-21,1.2535370463741764e-20,8.8638454595973695e-21,4.605420394364287e-36,-8.8638454595973635e-21,-1.2535370463741764e-20,-8.8638454595973695e-21
0,0.00082234651266894067,0.0011629735911866342,0.00082234651266894078,1.4242318859396141e-19,-0.00082234651266894067,-0.0011629735911866342,-0.00082234651266894089,-2.8484637718792282e-19,0.00082234651266894056,0.0011629735911866342,0.00082234651266894186,4.2726956578188421e-19,-0.00082234651266894121,-0.0011629735911866342,-0.00082234651266894186
0,0.00082234651266894067,0.0011629735911866342,0.00082234651266894078,1.4242318859396141e-19,-0.00082234651266894067,-0.0011629735911866342,-0.00082234651266894089,-2.8484637718792282e-19,0.00082234651266894056,0.0011629735911866342,0.00082234651266894186,4.2726956578188421e-19,-0.00082234651266894121,-0.0011629735911866342,-0.00082234651266894186
0,0.00082234651266894067,0.0011629735911866342,0.00082234651266894078,1.4242318859396141e-19,-0.00082234651266894067,-0.0011629735911866342,-0.00082234651266894089,-2.8484637718792282e-19,0.00082234651266894056,0.0011629735911866342,0.00082234651266894186,4.2726956578188421e-19,-0.00082234651266894121,-0.0011629735911866342,-0.00082234651266894186
0,0.00082234651266894067,0.0011629735911866342,0.00082234651266894078,1.4242318859396141e-19,-0.00082234651266894067,-0.0011629735911866342,-0.00082234651266894089,-2.8484637718792282e-19,0.00082234651266894056,0.0011629735911866342,0.00082234651266894186,4.2726956578188421e-19,-0.00082234651266894121,-0.0011629735911866342,-0.00082234651266894186
0,0.00082234651266894067,0.0011629735911866342,0.00082234651266894078,1.4242318859396141e-19,-0.00082234651266894067,-0.0011629735911866342,-0.00082234651266894089,-2.8484637718792282e-19,0.00082234651266894056,0.0011629735911866342,0.00082234651266894186,4.2726956578188421e-19,-0.00082234651266894121,-0.0011629735911866342,-0.00082234651266894186
0,0.00082234651266894067,0.0011629735911866342,0.00082234651266894078,1.4242318859396141e-19,-0.00082234651266894067,-0.0011629735911866342,-0.00082234651266894089,-2.8484637718792282e-19,0.00082234651266894056,0.0011629735911866342,0.00082234651266894186,4.2726956578188421e-19,-0.00082234651266894121,-0.0011629735911866342,-0.00082234651266894186
0,0.00082234651266894067,0.0011629735911866342,0.00082234651266894078,1.4242318859396141e-19,-0.00082234651266894067,-0.0011629735911866342,-0.00082234651266894089,-2.8484637718792282e-19,0.00082234651266894056,0.0011629735911866342,0.00082234651266894186,4.2726956578188421e-19,-0.00082234651266894121,-0.0011629735911866342,-0.00082234651266894186
0,0.00082234651266894067,0.0011629735911866342,0.00082234651266894078,1.4242318859396141e-19,-0.00082234651266894067,-0.0011629735911866342,-0.00082234651266894089,-2.8484637718792282e-19,0.00082234651266894056,0.0011629735911866342,0.00082234651266894186,4.2726956578188421e-19,-0.00082234651266894121,-0.0011629735911866342,-0.00082234651266894186
0,0.00082234651266894067,0.0011629735911866342,0.00082234651266894078,1.4242318859396141e-19,-0.00082234651266894067,-0.0011629735911866342,-0.00082234651266894089,-2.8484637718792282e-19,0.00082234651266894056,0.0011629735911866342,0.00082234651266894186,4.2726956578188421e-19,-0.00082234651266894121,-0.0011629735911866342,-0.00082234651266894186
0,0.00082234651266894067,0.0011629735911866342,0.00082234651266894078,1.4242318859396141e-19,-0.00082234651266894067,-0.0011629735911866342,-0.00082234651266894089,-2.8484637718792282e-19,0.00082234651266894056,0.0011629735911866342,0.00082234651266894186,4.2726956578188421e-19,-0.00082234651266894121,-0.0011629735911866342,-0.00082234651266894186
0,0.00082234651266894067,0.0011629735911866342,0.00082234651266894078,1.4242318859396141e-19,-0.00082234651266894067,-0.0011629735911866342,-0.00082234651266894089,-2.8484637718792282e-19,0.00082234651266894056,0.0011629735911866342,0.00082234651266894186,4.2726956578188421e-19,-0.00082234651266894121,-0.0011629735911866342,-0.00082234651266894186
0,0.00082234651266894067,0.0011629735911866342,0.00082234651266894078,1.4242318859396141e-19,-0.00082234651266894067,-0.0011629735911866342,-0.00082234651266894089,-2.8484637718792282e-19,0.00082234651266894056,0.0011629735911866342,0.00082234651266894186,4.2726956578188421e-19,-0.00082234651266894121,-0.0011629735911866342,-0.00082234651266894186
0,0.00082234651266894067,0.0011629735911866342,0.00082234651266894078,1.4242318859396141e-19,-0.00082234651266894067,-0.0011629735911866342,-0.00082234651266894089,-2.8484637718792282e-19,0.00082234651266894056,0.0011629735911866342,0.00082234651266894186,4.2726956578188421e-19,-0.00082234651266894121,-0.0011629735911866342,-0.00082234651266894186
0,0.00082234651266894067,0.0011629735911866342,0.00082234651266894078,1.4242318859396141e-19,-0.00082234651266894067,-0.0011629735911866342,-0.00082234651266894089,-2.8484637718792282e-19,0.00082234651266894056,0.0011629735911866342,0.00082234651266894186,4.2726956578188421e-19,-0.00082234651266894121,-0.0011629735911866342,-0.00082234651266894186
0,0.00082234651266894067,0.0011629735911866342,0.00082234651266894078,1.4242318859396141e-19,-0.00082234651266894067,-0.0011629735911866342,-0.00082234651266894089,-2.8484637718792282e-19,0.00082234651266894056,0.0011629735911866342,0.00082234651266894186,4.2726956578188421e-19,-0.00082234651266894121,-0.0011629735911866342,-0.00082234651266894186
0,0.00082234651266894067,0.0011629735911866342,0.00082234651266894078,1.4242318859396141e-19,-0.00082234651266894067,-0.0011629735911866342,-0.00082234651266894089,-2.8484637718792282e-19,0.00082234651266894056,0.0011629735911866342,0.00082234651266894186,4.2726956578188421e-19,-0.00082234651266894121,-0.0011629735911866342,-0.00082234651266894186
0,2.7285284535875872e-19,3.858721944384454e-19,2.7285284535875876e-19,4.7255714779900728e-35,-2.7285284535875872e-19,-3.858721944384454e-19,-2.7285284535875881e-19,-9.4511429559801456e-35,2.7285284535875867e-19,3.858721944384454e-19,2.728528453587591e-19,1.4176714433970216e-34,-2.7285284535875886e-19,-3.858721944384454e-19,-2.728528453587591e-19
0,2.7285284535875872e-19,3.858721944384454e-19,2.7285284535875876e-19,4.7255714779900728e-35,-2.7285284535875872e-19,-3.858721944384454e-19,-2.7285284535875881e-19,-9.4511429559801456e-35,2.7285284535875867e-19,3.858721944384454e-19,2.728528453587591e-19,1.4176714433970216e-34,-2.7285284535875886e-19,-3.858721944384454e-19,-2.728528453587591e-19
0,2.7285284535875872e-19,3.858721944384454e-19,2.7285284535875876e-19,4.7255714779900728e-35,-2.7285284535875872e-19,-3.858721944384454e-19,-2.7285284535875881e-19,-9.4511429559801456e-35,2.7285284535875867e-19,3.858721944384454e-19,2.728528453587591e-19,1.4176714433970216e-34,-2.7285284535875886e-19,-3.858721944384454e-19,-2.728528453587591e-19
0,2.7285284535875872e-19,3.858721944384454e-19,2.7285284535875876e-19,4.7255714779900728e-35,-2.7285284535875872e-19,-3.858721944384454e-19,-2.7285284535875881e-19,-9.4511429559801456e-35,2.7285284535875867e-19,3.858721944384454e-19,2.728528453587591e-19,1.4176714433970216e-34,-2.7285284535875886e-19,-3.858721944384454e-19,-2.728528453587591e-19
0,2.7285284535875872e-19,3.858721944384454e-19,2.7285284535875876e-19,4.7255714779900728e-35,-2.7285284535875872e-19,-3.858721944384454e-19,-2.7285284535875881e-19,-9.4511429559801456e-35,2.7285284535875867e-19,3.858721944384454e-19,2.728528453587591e-19,1.4176714433970216e-34,-2.7285284535875886e-19,-3.858721944384454e-19,-2.728528453587591e-19
0,2.7285284535875872e-19,3.858721944384454e-19,2.7285284535875876e-19,4.7255714779900728e-35,-2.7285284535875872e-19,-3.858721944384454e-19,-2.7285284535875881e-19,-9.4511429559801456e-35,2.7285284535875867e-19,3.858721944384454e-19,2.728528453587591e-19,1.4176714433970216e-34,-2.7285284535875886e-19,-3.858721944384454e-19,-2.728528453587591e-19
0,2.7285284535875872e-19,3.858721944384454e-19,2.7285284535875876e-19,4.7255714779900728e-35,-2.7285284535875872e-19,-3.858721944384454e-19,-2.7285284535875881e-19,-9.4511429559801456e-35,2.7285284535875867e-19,3.858721944384454e-19,2.728528453587591e-19,1.4176714433970216e-34,-2.7285284535875886e-19,-3.858721944384454e-19,-2.728528453587591e-19
0,2.7285284535875872e-19,3.858721944384454e-19,2.7285284535875876e-19,4.7255714779900728e-35,-2.7285284535875872e-19,-3.858721944384454e-19,-2.7285284535875881e-19,-9.4511429559801456e-35,2.7285284535875867e-19,3.858721944384454e-19,2.728528453587591e-19,1.4176714433970216e-34,-2.7285284535875886e-19,-3.858721944384454e-19,-2.728528453587591e-19
0,2.7285284535875872e-19,3.858721944384454e-19,2.7285284535875876e-19,4.7255714779900728e-35,-2.7285284535875872e-19,-3.858721944384454e-19,-2.7285284535875881e-19,-9.4511429559801456e-35,2.7285284535875867e-19,3.858721944384454e-19,2.728528453587591e-19,1.4176714433970216e-34,-2.7285284535875886e-19,-3.858721944384454e-19,-2.728528453587591e-19
0,2.7285284535875872e-19,3.858721944384454e-19,2.7285284535875876e-19,4.7255714779900728e-35,-2.7285284535875872e-19,-3.858721944384454e-19,-2.7285284535875881e-19,-9.4511429559801456e-35,2.7285284535875867e-19,3.858721944384454e-19,2.728528453587591e-19,1.4176714433970216e-34,-2.7285284535875886e-19,-3.858721944384454e-19,-2.728528453587591e-19
0,2.7285284535875872e-19,3.858721944384454e-19,2.7285284535875876e-19,4.7255714779900728e-35,-2.7285284535875872e-19,-3.858721944384454e-19,-2.7285284535875881e-19,-9.4511429559801456e-35,2.7285284535875867e-19,3.858721944384454e-19,2.728528453587591e-19,1.4176714433970216e-34,-2.7285284535875886e-19,-3.858721944384454e-19,-2.728528453587591e-19
0,2.7285284535875872e-19,3.858721944384454e-19,2.7285284535875876e-19,4.7255714779900728e-35,-2.7285284535875872e-19,-3.858721944384454e-19,-2.7285284535875881e-19,-9.4511429559801456e-35,2.7285284535875867e-19,3.858721944384454e-19,2.728528453587591e-19,1.4176714433970216e-34,-2.7285284535875886e-19,-3.858721944384454e-19,-2.728528453587591e-19
0,2.7285284535875872e-19,3.858721944384454e-19,2.7285284535875876e-19,4.7255714779900728e-35,-2.7285284535875872e-19,-3.858721944384454e-19,-2.7285284535875881e-19,-9.4511429559801456e-35,2.7285284535875867e-19,3.858721944384454e-19,2.728528453587591e-19,1.4176714433970216e-34,-2.7285284535875886e-19,-3.858721944384454e-19,-2.728528453587591e-19
0,2.7285284535875872e-19,3.858721944384454e-19,2.7285284535875876e-19,4.7255714779900728e-35,-2.7285284535875872e-19,-3.858721944384454e-19,-2.7285284535875881e-19,-9.4511429559801456e-35,2.7285284535875867e-19,3.858721944384454e-19,2.728528453587591e-19,1.4176714433970216e-34,-2.7285284535875886e-19,-3.858721944384454e-19,-2.728528453587591e-19
0,2.7285284535875872e-19,3.858721944384454e-19,2.7285284535875876e-19,4.7255714779900728e-35,-2.7285284535875872e-19,-3.858721944384454e-19,-2.7285284535875881e-19,-9.4511429559801456e-35,2.7285284535875867e-19,3.858721944384454e-19,2.728528453587591e-19,1.4176714433970216e-34,-2.7285284535875886e-19,-3.858721944384454e-19,-2.728528453587591e-19
0,2.7285284535875872e-19,3.858721944384454e-19,2.7285284535875876e-19,4.7255714779900728e-35,-2.7285284535875872e-19,-3.858721944384454e-19,-2.7285284535875881e-19,-9.4511429559801456e-35,2.7285284535875867e-19,3.858721944384454e-19,2.728528453587591e-19,1.4176714433970216e-34,-2.7285284535875886e-19,-3.858721944384454e-19,-2.728528453587591e-19
1,1.0010655220952964,1.0015068757981764,1.0010655220952964,1,0.99893447790470358,0.99849312420182357,0.99893447790470358,1,1.0010655220952964,1.0015068757981764,1.0010655220952964,1,0.99893447790470358,0.99849312420182357,0.99893447790470358
1,1.0010655220952964,1.0015068757981764,1.0010655220952964,1,0.99893447790470358,0.99849312420182357,0.99893447790470358,1,1.0010655220952964,1.0015068757981764,1.0010655220952964,1,0.99893447790470358,0.99849312420182357,0.99893447790470358
1,1.0010655220952964,1.0015068757981764,1.0010655220952964,1,0.99893447790470358,0.99849312420182357,0.99893447790470358,1,1.0010655220952964,1.0015068757981764,1.0010655220952964,1,0.99893447790470358,0.99849312420182357,0.99893447790470358
1,1.0010655220952964,1.0015068757981764,1.0010655220952964,1,0.99893447790470358,0.99849312420182357,0.99893447790470358,1,1.0010655220952964,1.0015068757981764,1.0010655220952964,1,0.99893447790470358,0.99849312420182357,0.99893447790470358
1,1.0010655220952964,1.0015068757981764,1.0010655220952964,1,0.99893447790470358,0.99849312420182357,0.99893447790470358,1,1.0010655220952964,1.0015068757981764,1.0010655220952964,1,0.99893447790470358,0.99849312420182357,0.99893447790470358
1,1.0010655220952964,1.0015068757981764,1.0010655220952964,1,0.99893447790470358,0.99849312420182357,0.99893447790470358,1,1.0010655220952964,1.0015068757981764,1.0010655220952964,1,0.99893447790470358,0.99849312420182357,0.99893447790470358
1,1.0010655220952964,1.0015068757981764,1.0010655220952964,1,0.99893447790470358,0.99849312420182357,0.99893447790470358,1,1.0010655220952964,1.0015068757981764,1.0010655220952964,1,0.99893447790470358,0.99849312420182357,0.99893447790470358
1,1.0010655220952964,1.0015068757981764,1.0010655220952964,1,0.99893447790470358,0.99849312420182357,0.99893447790470358,1,1.0010655220952964,1.0015068757981764,1.0010655220952964,1,0.99893447790470358,0.99849312420182357,0.99893447790470358
1,1.0010655220952964,1.0015068757981764,1.0010655220952964,1,0.99893447790470358,0.99849312420182357,0.99893447790470358,1,1.0010655220952964,1.0015068757981764,1.0010655220952964,1,0.99893447790470358,0.99849312420182357,0.99893447790470358
1,1.0010655220952964,1.0015068757981764,1.0010655220952964,1,0.99893447790470358,0.99849312420182357,0.99893447790470358,1,1.0010655220952964,1.0015068757981764,1.0010655220952964,1,0.99893447790470358,0.99849312420182357,0.99893447790470358
1,1.0010655220952964,1.0015068757981764,1.0010655220952964,1,0.99893447790470358,0.99849312420182357,0.99893447790470358,1,1.0010655220952964,1.0015068757981764,1.0010655220952964,1,0.99893447790470358,0.99849312420182357,0.99893447790470358
1,1.0010655220952964,1.0015068757981764,1.0010655220952964,1,0.99893447790470358,0.99849312420182357,0.99893447790470358,1,1.0010655220952964,1.0015068757981764,1.0010655220952964,1,0.99893447790470358,0.99849312420182357,0.99893447790470358
1,1.0010655220952964,1.0015068757981764,1.0010655220952964,1,0.99893447790470358,0.99849312420182357,0.99893447790470358,1,1.0010655220952964,1.0015068757981764,1.0010655220952964,1,0.99893447790470358,0.99849312420182357,0.99893447790470358
1,1.0010655220952964,1.0015068757981764,1.0010655220952964,1,0.99893447790470358,0.99849312420182357,0.99893447790470358,1,1.0010655220952964,1.0015068757981764,1.0010655220952964,1,0.99893447790470358,0.99849312420182357,0.99893447790470358
1,1.0010655220952964,1.0015068757981764,1.0010655220952964,1,0.99893447790470358,0.99849312420182357,0.99893447790470358,1,1.0010655220952964,1.0015068757981764,1.0010655220952964,1,0.99893447790470358,0.99849312420182357,0.99893447790470358
1,1.0010655220952964,1.0015068757981764,1.0010655220952964,1,0.99893447790470358,0.99849312420182357,0.99893447790470358,1,1.0010655220952964,1.0015068757981764,1.0010655220952964,1,0.99893447790470358,0.99849312420182357,0.99893447790470358
0,2.7668692796474967e-20,3.9129440605909659e-20,2.7668692796474973e-20,4.7919744190453732e-36,-2.7668692796474967e-20,-3.9129440605909659e-20,-2.7668692796474973e-20,-9.5839488380907464e-36,2.7668692796474961e-20,3.9129440605909659e-20,2.7668692796475003e-20,1.4375923257136118e-35,-2.7668692796474985e-20,-3.9129440605909659e-20,-2.7668692796475003e-20
0,2.7668692796474967e-20,3.9129440605909659e-20,2.7668692796474973e-20,4.7919744190453732e-36,-2.7668692796474967e-20,-3.9129440605909659e-20,-2.7668692796474973e-20,-9.5839488380907464e-36,2.7668692796474961e-20,3.9129440605909659e-20,2.7668692796475003e-20,1.4375923257136118e-35,-2.7668692796474985e-20,-3.9129440605909659e-20,-2.7668692796475003e-20
0,2.7668692796474967e-20,3.9129440605909659e-20,2.7668692796474973e-20,4.7919744190453732e-36,-2.7668692796474967e-20,-3.9129440605909659e-20,-2.7668692796474973e-20,-9.5839488380907464e-36,2.7668692796474961e-20,3.9129440605909659e-20,2.7668692796475003e-20,1.4375923257136118e-35,-2.7668692796474985e-20,-3.9129440605909659e-20,-2.7668692796475003e-20
0,2.7668692796474967e-20,3.9129440605909659e-20,2.7668692796474973e-20,4.7919744190453732e-36,-2.7668692796474967e-20,-3.9129440605909659e-20,-2.7668692796474973e-20,-9.5839488380907464e-36,2.7668692796474961e-20,3.9129440605909659e-20,2.7668692796475003e-20,1.4375923257136118e-35,-2.7668692796474985e-20,-3.9129440605909659e-20,-2.7668692796475003e-20
0,2.7668692796474967e-20,3.9129440605909659e-20,2.7668692796474973e-20,4.7919744190453732e-36,-2.7668692796474967e-20,-3.9129440605909659e-20,-2.7668692796474973e-20,-9.5839488380907464e-36,2.7668692796474961e-20,3.9129440605909659e-20,2.7668692796475003e-20,1.4375923257136118e-35,-2.7668692796474985e-20,-3.9129440605909659e-20,-2.7668692796475003e-20
0,2.7668692796474967e-20,3.9129440605909659e-20,2.7668692796474973e-20,4.7919744190453732e-36,-2.7668692796474967e-20,-3.9129440605909659e-20,-2.7668692796474973e-20,-9.5839488380907464e-36,2.7668692796474961e-20,3.9129440605909659e-20,2.7668692796475003e-20,1.4375923257136118e-35,-2.7668692796474985e-20,-3.9129440605909659e-20,-2.7668692796475003e-20
0,2.7668692796474967e-20,3.9129440605909659e-20,2.7668692796474973e-20,4.7919744190453732e-36,-2.7668692796474967e-20,-3.9129440605909659e-20,-2.7668692796474973e-20,-9.5839488380907464e-36,2.7668692796474961e-20,3.9129440605909659e-20,2.7668692796475003e-20,1.4375923257136118e-35,-2.7668692796474985e-20,-3.9129440605909659e-20,-2.7668692796475003e-20
0,2.7668692796474967e-20,3.9129440605909659e-20,2.7668692796474973e-20,4.7919744190453732e-36,-2.7668692796474967e-20,-3.9129440605909659e-20,-2.7668692796474973e-20,-9.5839488380907464e-36,2.7668692796474961e-20,3.9129440605909659e-20,2.7668692796475003e-20,1.4375923257136118e-35,-2.7668692796474985e-20,-3.9129440605909659e-20,-2.7668692796475003e-20
0,2.7668692796474967e-20,3.9129440605909659e-20,2.7668692796474973e-20,4.7919744190453732e-36,-2.7668692796474967e-20,-3.9129440605909659e-20,-2.7668692796474973e-20,-9.5839488380907464e-36,2.7668692796474961e-20,3.9129440605909659e-20,2.7668692796475003e-20,1.4375923257136118e-35,-2.7668692796474985e-20,-3.9129440605909659e-20,-2.7668692796475003e-20
0,2.7668692796474967e-20,3.9129440605909659e-20,2.7668692796474973e-20,4.7919744190453732e-36,-2.7668692796474967e-20,-3.9129440605909659e-20,-2.7668692796474973e-20,-9.5839488380907464e-36,2.7668692796474961e-20,3.9129440605909659e-20,2.7668692796475003e-20,1.4375923257136118e-35,-2.7668692796474985e-20,-3.9129440605909659e-20,-2.7668692796475003e-20
0,2.7668692796474967e-20,3.9129440605909659e-20,2.7668692796474973e-20,4.7919744190453732e-36,-2.7668692796474967e-20,-3.9129440605909659e-20,-2.7668692796474973e-20,-9.5839488380907464e-36,2.7668692796474961e-20,3.9129440605909659e-20,2.7668692796475003e-20,1.4375923257136118e-35,-2.7668692796474985e-20,-3.9129440605909659e-20,-2.7668692796475003e-20
0,2.7668692796474967e-20,3.9129440605909659e-20,2.7668692796474973e-20,4.7919744190453732e-36,-2.7668692796474967e-20,-3.9129440605909659e-20,-2.7668692796474973e-20,-9.5839488380907464e-36,2.7668692796474961e-20,3.9129440605909659e-20,2.7668692796475003e-20,1.4375923257136118e-35,-2.7668692796474985e-20,-3.9129440605909659e-20,-2.7668692796475003e-20
0,2.7668692796474967e-20,3.9129440605909659e-20,2.7668692796474973e-20,4.7919744190453732e-36,-2.7668692796474967e-20,-3.9129440605909659e-20,-2.7668692796474973e-20,-9.5839488380907464e-36,2.7668692796474961e-20,3.9129440605909659e-20,2.7668692796475003e-20,1.4375923257136118e-35,-2.7668692796474985e-20,-3.9129440605909659e-20,-2.7668692796475003e-20
0,2.7668692796474967e-20,3.9129440605909659e-20,2.7668692796474973e-20,4.7919744190453732e-36,-2.7668692796474967e-20,-3.9129440605909659e-20,-2.7668692796474973e-20,-9.5839488380907464e-36,2.7668692796474961e-20,3.9129440605909659e-20,2.7668692796475003e-20,1.4375923257136118e-35,-2.7668692796474985e-20,-3.9129440605909659e-20,-2.7668692796475003e-20
0,2.7668692796474967e-20,3.9129440605909659e-20,2.7668692796474973e-20,4.7919744190453732e-36,-2.7668692796474967e-20,-3.9129440605909659e-20,-2.7668692796474973e-20,-9.5839488380907464e-36,2.7668692796474961e-20,3.9129440605909659e-20,2.7668692796475003e-20,1.4375923257136118e-35,-2.7668692796474985e-20,-3.9129440605909659e-20,-2.7668692796475003e-20
0,2.7668692796474967e-20,3.9129440605909659e-20,2.7668692796474973e-20,4.7919744190453732e-36,-2.7668692796474967e-20,-3.9129440605909659e-20,-2.7668692796474973e-20,-9.5839488380907464e-36,2.7668692796474961e-20,3.9129440605909659e-20,2.7668692796475003e-20,1.4375923257136118e-35,-2.7668692796474985e-20,-3.9129440605909659e-20,-2.7668692796475003e-20
1,1.0010655220952964,1.0015068757981764,1.0010655220952964,1,0.99893447790470358,0.99849312420182357,0.99893447790470358,1,1.0010655220952964,1.0015068757981764,1.0010655220952964,1,0.99893447790470358,0.99849312420182357,0.99893447790470358
1,1.0010655220952964,1.0015068757981764,1.0010655220952964,1,0.99893447790470358,0.99849312420182357,0.99893447790470358,1,1.0010655220952964,1.0015068757981764,1.0010655220952964,1,0.99893447790470358,0.99849312420182357,0.99893447790470358
1,1.0010655220952964,1.0015068757981764,1.0010655220952964,1,0.99893447790470358,0.99849312420182357,0.99893447790470358,1,1.0010655220952964,1.0015068757981764,1.0010655220952964,1,0.99893447790470358,0.99849312420182357,0.99893447790470358
1,1.0010655220952964,1.0015068757981764,1.0010655220952964,1,0.99893447790470358,0.99849312420182357,0.99893447790470358,1,1.0010655220952964,1.0015068757981764,1.0010655220952964,1,0.99893447790470358,0.99849312420182357,0.99893447790470358
1,1.0010655220952964,1.0015068757981764,1.0010655220952964,1,0.99893447790470358,0.99849312420182357,0.99893447790470358,1,1.0010655220952964,1.0015068757981764,1.0010655220952964,1,0.99893447790470358,0.99849312420182357,0.99893447790470358
1,1.0010655220952964,1.0015068757981764,1.0010655220952964,1,0.99893447790470358,0.99849312420182357,0.99893447790470358,1,1.0010655220952964,1.0015068757981764,1.0010655220952964,1,0.99893447790470358,0.99849312420182357,0.99893447790470358
1,1.0010655220952964,1.0015068757981764,1.0010655220952964,1,0.99893447790470358,0.99849312420182357,0.99893447790470358,1,1.0010655220952964,1.0015068757981764,1.0010655220952964,1,0.99893447790470358,0.99849312420182357,0.99893447790470358
1,1.0010655220952964,1.0015068757981764,1.0010655220952964,1,0.99893447790470358,0.99849312420182357,0.99893447790470358,1,1.0010655220952964,1.0015068757981764,1.0010655220952964,1,0.99893447790470358,0.99849312420182357,0.99893447790470358
1,1.0010655220952964,1.0015068757981764,1.0010655220952964,1,0.99893447790470358,0.99849312420182357,0.99893447790470358,1,1.0010655220952964,1.0015068757981764,1.0010655220952964,1,0.99893447790470358,0.99849312420182357,0.99893447790470358
1,1.0010655220952964,1.0015068757981764,1.0010655220952964,1,0.99893447790470358,0.99849312420182357,0.99893447790470358,1,1.0010655220952964,1.0015068757981764,1.0010655220952964,1,0.99893447790470358,0.99849312420182357,0.99893447790470358
1,1.0010655220952964,1.0015068757981764,1.0010655220952964,1,0.99893447790470358,0.99849312420182357,0.99893447790470358,1,1.0010655220952964,1.0015068757981764,1.0010655220952964,1,0.99893447790470358,0.99849312420182357,0.99893447790470358
1,1.0010655220952964,1.0015068757981764,1.0010655220952964,1,0.99893447790470358,0.99849312420182357,0.99893447790470358,1,1.0010655220952964,1.0015068757981764,1.0010655220952964,1,0.99893447790470358,0.99849312420182357,0.99893447790470358
1,1.0010655220952964,1.0015068757981764,1.0010655220952964,1,0.99893447790470358,0.99849312420182357,0.99893447790470358,1,1.0010655220952964,1.0015068757981764,1.0010655220952964,1,0.99893447790470358,0.99849312420182357,0.99893447790470358
1,1.0010655220952964,1.0015068757981764,1.0010655220952964,1,0.99893447790470358,0.99849312420182357,0.99893447790470358,1,1.0010655220952964,1.0015068757981764,1.0010655220952964,1,0.99893447790470358,0.99849312420182357,0.99893447790470358
1,1.0010655220952964,1.0015068757981764,1.0010655220952964,1,0.99893447790470358,0.99849312420182357,0.99893447790470358,1,1.0010655220952964,1.0015068757981764,1.0010655220952964,1,0.99893447790470358,0.99849312420182357,0.99893447790470358
1,1.0010655220952964,1.0015068757981764,1.0010655220952964,1,0.99893447790470358,0.99849312420182357,0.99893447790470358,1,1.0010655220952964,1.0015068757981764,1.0010655220952964,1,0.99893447790470358,0.99849312420182357,0.99893447790470358
0,0.0033260511656018539,0.0047037466675409834,0.0033260511656018543,5.7604283004040943e-19,-0.0033260511656018539,-0.0047037466675409834,-0.0033260511656018552,-1.1520856600808189e-18,0.0033260511656018534,0.0047037466675409834,0.0033260511656018586,1.7281284901212284e-18,-0.003326051165601856,-0.0047037466675409834,-0.0033260511656018586
0,0.0033260511656018539,0.0047037466675409834,0.0033260511656018543,5.7604283004040943e-19,-0.0033260511656018539,-0.0047037466675409834,-0.0033260511656018552,-1.1520856600808189e-18,0.0033260511656018534,0.0047037466675409834,0.0033260511656018586,1.7281284901212284e-18,-0.003326051165601856,-0.0047037466675409834,-0.0033260511656018586
0,0.0033260511656018539,0.0047037466675409834,0.0033260511656018543,5.7604283004040943e-19,-0.0033260511656018539,-0.0047037466675409834,-0.0033260511656018552,-1.1520856600808189e-18,0.0033260511656018534,0.0047037466675409834,0.0033260511656018586,1.7281284901212284e-18,-0.003326051165601856,-0.0047037466675409834,-0.0033260511656018586
0,0.0033260511656018539,0.0047037466675409834,0.0033260511656018543,5.7604283004040943e-19,-0.0033260511656018539,-0.0047037466675409834,-0.0033260511656018552,-1.1520856600808189e-18,0.0033260511656018534,0.0047037466675409834,0.0033260511656018586,1.7281284901212284e-18,-0.003326051165601856,-0.0047037466675409834,-0.0033260511656018586
0,0.0033260511656018539,0.0047037466675409834,0.0033260511656018543,5.7604283004040943e-19,-0.0033260511656018539,-0.0047037466675409834,-0.0033260511656018552,-1.1520856600808189e-18,0.0033260511656018534,0.0047037466675409834,0.0033260511656018586,1.7281284901212284e-18,-0.003326051165601856,-0.0047037466675409834,-0.0033260511656018586
0,0.0033260511656018539,0.0047037466675409834,0.0033260511656018543,5.7604283004040943e-19,-0.0033260511656018539,-0.0047037466675409834,-0.0033260511656018552,-1.1520856600808189e-18,0.0033260511656018534,0.0047037466675409834,0.0033260511656018586,1.7281284901212284e-18,-0.003326051165601856,-0.0047037466675409834,-0.0033260511656018586
0,0.0033260511656018539,0.0047037466675409834,0.0033260511656018543,5.7604283004040943e-19,-0.0033260511656018539,-0.0047037466675409834,-0.0033260511656018552,-1.1520856600808189e-18,0.0033260511656018534,0.0047037466675409834,0.0033260511656018586,1.7281284901212284e-18,-0.003326051165601856,-0.0047037466675409834,-0.0033260511656018586
0,0.0033260511656018539,0.0047037466675409834,0.0033260511656018543,5.7604283004040943e-19,-0.0033260511656018539,-0.0047037466675409834,-0.0033260511656018552,-1.1520856600808189e-18,0.0033260511656018534,0.0047037466675409834,0.0033260511656018586,1.7281284901212284e-18,-0.003326051165601856,-0.0047037466675409834,-0.0033260511656018586
0,0.0033260511656018539,0.0047037466675409834,0.0033260511656018543,5.7604283004040943e-19,-0.0033260511656018539,-0.0047037466675409834,-0.0033260511656018552,-1.1520856600808189e-18,0.0033260511656018534,0.0047037466675409834,0.0033260511656018586,1.7281284901212284e-18,-0.003326051165601856,-0.0047037466675409834,-0.0033260511656018586
0,0.0033260511656018539,0.0047037466675409834,0.0033260511656018543,5.7604283004040943e-19,-0.0033260511656018539,-0.0047037466675409834,-0.0033260511656018552,-1.1520856600808189e-18,0.0033260511656018534,0.0047037466675409834,0.0033260511656018586,1.7281284901212284e-18,-0.003326051165601856,-0.0047037466675409834,-0.0033260511656018586
0,0.0033260511656018539,0.0047037466675409834,0.0033260511656018543,5.7604283004040943e-19,-0.0033260511656018539,-0.0047037466675409834,-0.0033260511656018552,-1.1520856600808189e-18,0.0033260511656018534,0.0047037466675409834,0.0033260511656018586,1.7281284901212284e-18,-0.003326051165601856,-0.0047037466675409834,-0.0033260511656018586
0,0.0033260511656018539,0.0047037466675409834,0.0033260511656018543,5.7604283004040943e-19,-0.0033260511656018539,-0.0047037466675409834,-0.0033260511656018552,-1.1520856600808189e-18,0.0033260511656018534,0.0047037466675409834,0.0033260511656018586,1.7281284901212284e-18,-0.003326051165601856,-0.0047037466675409834,-0.0033260511656018586
0,0.0033260511656018539,0.0047037466675409834,0.0033260511656018543,5.7604283004040943e-19,-0.0033260511656018539,-0.0047037466675409834,-0.0033260511656018552,-1.1520856600808189e-18,0.0033260511656018534,0.0047037466675409834,0.0033260511656018586,1.7281284901212284e-18,-0.003326051165601856,-0.0047037466675409834,-0.0033260511656018586
0,0.0033260511656018539,0.0047037466675409834,0.0033260511656018543,5.7604283004040943e-19,-0.0033260511656018539,-0.0047037466675409834,-0.0033260511656018552,-1.1520856600808189e-18,0.0033260511656018534,0.0047037466675409834,0.0033260511656018586,1.7281284901212284e-18,-0.003326051165601856,-0.0047037466675409834,-0.0033260511656018586
0,0.0033260511656018539,0.0047037466675409834,0.0033260511656018543,5.7604283004040943e-19,-0.0033260511656018539,-0.0047037466675409834,-0.0033260511656018552,-1.1520856600808189e-18,0.0033260511656018534,0.0047037466675409834,0.0033260511656018586,1.7281284901212284e-18,-0.003326051165601856,-0.0047037466675409834,-0.0033260511656018586
0,0.0033260511656018539,0.0047037466675409834,0.0033260511656018543,5.7604283004040943e-19,-0.0033260511656018539,-0.0047037466675409834,-0.0033260511656018552,-1.1520856600808189e-18,0.0033260511656018534,0.0047037466675409834,0.0033260511656018586,1.7281284901212284e-18,-0.003326051165601856,-0.0047037466675409834,-0.0033260511656018586
0,8.6368446353774223e-20,1.221434281946006e-19,8.6368446353774235e-20,1.4958255837540222e-35,-8.6368446353774223e-20,-1.221434281946006e-19,-8.6368446353774247e-20,-2.9916511675080443e-35,8.6368446353774211e-20,1.221434281946006e-19,8.6368446353774344e-20,4.4874767512620659e-35,-8.6368446353774271e-20,-1.221434281946006e-19,-8.6368446353774344e-20
0,8.6368446353774223e-20,1.221434281946006e-19,8.6368446353774235e-20,1.4958255837540222e-35,-8.6368446353774223e-20,-1.221434281946006e-19,-8.6368446353774247e-20,-2.9916511675080443e-35,8.6368446353774211e-20,1.221434281946006e-19,8.6368446353774344e-20,4.4874767512620659e-35,-8.6368446353774271e-20,-1.221434281946006e-19,-8.6368446353774344e-20
0,8.6368446353774223e-20,1.221434281946006e-19,8.6368446353774235e-20,1.4958255837540222e-35,-8.6368446353774223e-20,-1.221434281946006e-19,-8.6368446353774247e-20,-2.9916511675080443e-35,8.6368446353774211e-20,1.221434281946006e-19,8.6368446353774344e-20,4.4874767512620659e-35,-8.6368446353774271e-20,-1.221434281946006e-19,-8.6368446353774344e-20
0,8.6368446353774223e-20,1.221434281946006e-19,8.6368446353774235e-20,1.4958255837540222e-35,-8.6368446353774223e-20,-1.221434281946006e-19,-8.6368446353774247e-20,-2.9916511675080443e-35,8.6368446353774211e-20,1.221434281946006e-19,8.6368446353774344e-20,4.4874767512620659e-35,-8.6368446353774271e-20,-1.221434281946006e-19,-8.6368446353774344e-20
0,8.6368446353774223e-20,1.221434281946006e-19,8.6368446353774235e-20,1.4958255837540222e-35,-8.6368446353774223e-20,-1.221434281946006e-19,-8.6368446353774247e-20,-2.9916511675080443e-35,8.6368446353774211e-20,1.221434281946006e-19,8.6368446353774344e-20,4.4874767512620659e-35,-8.6368446353774271e-20,-1.221434281946006e-19,-8.6368446353774344e-20
0,8.6368446353774223e-20,1.221434281946006e-19,8.6368446353774235e-20,1.4958255837540222e-35,-8.6368446353774223e-20,-1.221434281946006e-19,-8.6368446353774247e-20,-2.9916511675080443e-35,8.6368446353774211e-20,1.221434281946006e-19,8.6368446353774344e-20,4.4874767512620659e-35,-8.6368446353774271e-20,-1.221434281946006e-19,-8.6368446353774344e-20
0,8.6368446353774223e-20,1.221434281946006e-19,8.6368446353774235e-20,1.4958255837540222e-35,-8.6368446353774223e-20,-1.221434281946006e-19,-8.6368446353774247e-20,-2.9916511675080443e-35,8.6368446353774211e-20,1.221434281946006e-19,8.6368446353774344e-20,4.4874767512620659e-35,-8.6368446353774271e-20,-1.221434281946006e-19,-8.6368446353774344e-20
0,8.6368446353774223e-20,1.221434281946006e-19,8.6368446353774235e-20,1.4958255837540222e-35,-8.6368446353774223e-20,-1.221434281946006e-19,-8.6368446353774247e-20,-2.9916511675080443e-35,8.6368446353774211e-20,1.221434281946006e-19,8.6368446353774344e-20,4.4874767512620659e-35,-8.6368446353774271e-20,-1.221434281946006e-19,-8.6368446353774344e-20
0,8.6368446353774223e-20,1.221434281946006e-19,8.6368446353774235e-20,1.4958255837540222e-35,-8.6368446353774223e-20,-1.221434281946006e-19,-8.6368446353774247e-20,-2.9916511675080443e-35,8.6368446353774211e-20,1.221434281946006e-19,8.6368446353774344e-20,4.4874767512620659e-35,-8.6368446353774271e-20,-1.221434281946006e-19,-8.6368446353774344e-20
0,8.6368446353774223e-20,1.221434281946006e-19,8.6368446353774235e-20,1.4958255837540222e-35,-8.6368446353774223e-20,-1.221434281946006e-19,-8.6368446353774247e-20,-2.9916511675080443e-35,8.6368446353774211e-20,1.221434281946006e-19,8.6368446353774344e-20,4.4874767512620659e-35,-8.6368446353774271e-20,-1.221434281946006e-19,-8.6368446353774344e-20
0,8.6368446353774223e-20,1.221434281946006e-19,8.6368446353774235e-20,1.4958255837540222e-35,-8.6368446353774223e-20,-1.221434281946006e-19,-8.6368446353774247e-20,-2.9916511675080443e-35,8.6368446353774211e-20,1.221434281946006e-19,8.6368446353774344e-20,4.4874767512620659e-35,-8.6368446353774271e-20,-1.221434281946006e-19,-8.6368446353774344e-20
0,8.6368446353774223e-20,1.221434281946006e-19,8.6368446353774235e-20,1.4958255837540222e-35,-8.6368446353774223e-20,-1.221434281946006e-19,-8.6368446353774247e-20,-2.9916511675080443e-35,8.6368446353774211e-20,1.221434281946006e-19,8.6368446353774344e-20,4.4874767512620659e-35,-8.6368446353774271e-20,-1.221434281946006e-19,-8.6368446353774344e-20
0,8.6368446353774223e-20,1.221434281946006e-19,8.6368446353774235e-20,1.4958255837540222e-35,-8.6368446353774223e-20,-1.221434281946006e-19,-8.6368446353774247e-20,-2.9916511675080443e-35,8.6368446353774211e-20,1.221434281946006e-19,8.6368446353774344e-20,4.4874767512620659e-35,-8.6368446353774271e-20,-1.221434281946006e-19,-8.6368446353774344e-20
0,8.6368446353774223e-20,1.221434281946006e-19,8.6368446353774235e-20,1.4958255837540222e-35,-8.6368446353774223e-20,-1.221434281946006e-19,-8.6368446353774247e-20,-2.9916511675080443e-35,8.6368446353774211e-20,1.221434281946006e-19,8.6368446353774344e-20,4.4874767512620659e-35,-8.6368446353774271e-20,-1.221434281946006e-19,-8.6368446353774344e-20
0,8.6368446353774223e-20,1.221434281946006e-19,8.6368446353774235e-20,1.4958255837540222e-35,-8.6368446353774223e-20,-1.221434281946006e-19,-8.6368446353774247e-20,-2.9916511675080443e-35,8.6368446353774211e-20,1.221434281946006e-19,8.6368446353774344e-20,4.4874767512620659e-35,-8.6368446353774271e-20,-1.221434281946006e-19,-8.6368446353774344e-20
0,8.6368446353774223e-20,1.221434281946006e-19,8.6368446353774235e-20,1.4958255837540222e-35,-8.6368446353774223e-20,-1.221434281946006e-19,-8.6368446353774247e-20,-2.9916511675080443e-35,8.6368446353774211e-20,1.221434281946006e-19,8.6368446353774344e-20,4.4874767512620659e-35,-8.6368446353774271e-20,-1.221434281946006e-19,-8.6368446353774344e-20
3,3.0058779903857182,3.0083127337229811,3.0058779903857182,3,2.9941220096142818,2.9916872662770189,2.9941220096142818,3,3.0058779903857182,3.0083127337229811,3.0058779903857182,3,2.9941220096142818,2.9916872662770189,2.9941220096142818
3,3.0058779903857182,3.0083127337229811,3.0058779903857182,3,2.9941220096142818,2.9916872662770189,2.9941220096142818,3,3.0058779903857182,3.0083127337229811,3.0058779903857182,3,2.9941220096142818,2.9916872662770189,2.9941220096142818
3,3.0058779903857182,3.0083127337229811,3.0058779903857182,3,2.9941220096142818,2.9916872662770189,2.9941220096142818,3,3.0058779903857182,3.0083127337229811,3.0058779903857182,3,2.9941220096142818,2.9916872662770189,2.9941220096142818
3,3.0058779903857182,3.0083127337229811,3.0058779903857182,3,2.9941220096142818,2.9916872662770189,2.9941220096142818,3,3.0058779903857182,3.0083127337229811,3.0058779903857182,3,2.9941220096142818,2.9916872662770189,2.9941220096142818
3,3.0058779903857182,3.0083127337229811,3.0058779903857182,3,2.9941220096142818,2.9916872662770189,2.9941220096142818,3,3.0058779903857182,3.0083127337229811,3.0058779903857182,3,2.9941220096142818,2.9916872662770189,2.9941220096142818
3,3.0058779903857182,3.0083127337229811,3.0058779903857182,3,2.9941220096142818,2.9916872662770189,2.9941220096142818,3,3.0058779903857182,3.0083127337229811,3.0058779903857182,3,2.9941220096142818,2.9916872662770189,2.9941220096142818
3,3.0058779903857182,3.0083127337229811,3.0058779903857182,3,2.9941220096142818,2.9916872662770189,2.9941220096142818,3,3.0058779903857182,3.0083127337229811,3.0058779903857182,3,2.9941220096142818,2.9916872662770189,2.9941220096142818
3,3.0058779903857182,3.0083127337229811,3.0058779903857182,3,2.9941220096142818,2.9916872662770189,2.9941220096142818,3,3.0058779903857182,3.0083127337229811,3.0058779903857182,3,2.9941220096142818,2.9916872662770189,2.9941220096142818
3,3.0058779903857182,3.0083127337229811,3.0058779903857182,3,2.9941220096142818,2.9916872662770189,2.9941220096142818,3,3.0058779903857182,3.0083127337229811,3.0058779903857182,3,2.9941220096142818,2.9916872662770189,2.9941220096142818
3,3.0058779903857182,3.0083127337229811,3.0058779903857182,3,2.9941220096142818,2.9916872662770189,2.9941220096142818,3,3.0058779903857182,3.0083127337229811,3.0058779903857182,3,2.9941220096142818,2.9916872662770189,2.9941220096142818
3,3.0058779903857182,3.0083127337229811,3.0058779903857182,3,2.9941220096142818,2.9916872662770189,2.9941220096142818,3,3.0058779903857182,3.0083127337229811,3.0058779903857182,3,2.9941220096142818,2.9916872662770189,2.9941220096142818
3,3.0058779903857182,3.0083127337229811,3.0058779903857182,3,2.9941220096142818,2.9916872662770189,2.9941220096142818,3,3.0058779903857182,3.0083127337229811,3.0058779903857182,3,2.9941220096142818,2.9916872662770189,2.9941220096142818
3,3.0058779903857182,3.0083127337229811,3.0058779903857182,3,2.9941220096142818,2.9916872662770189,2.9941220096142818,3,3.0058779903857182,3.0083127337229811,3.0058779903857182,3,2.9941220096142818,2.9916872662770189,2.9941220096142818
3,3.0058779903857182,3.0083127337229811,3.0058779903857182,3,2.9941220096142818,2.9916872662770189,2.9941220096142818,3,3.0058779903857182,3.0083127337229811,3.0058779903857182,3,2.9941220096142818,2.9916872662770189,2.9941220096142818
3,3.0058779903857182,3.0083127337229811,3.0058779903857182,3,2.9941220096142818,2.9916872662770189,2.9941220096142818,3,3.0058779903857182,3.0083127337229811,3.0058779903857182,3,2.9941220096142818,2.9916872662770189,2.9941220096142818
3,3.0058779903857182,3.0083127337229811,3.0058779903857182,3,2.9941220096142818,2.9916872662770189,2.9941220096142818,3,3.0058779903857182,3.0083127337229811,3.0058779903857182,3,2.9941220096142818,2.9916872662770189,2.9941220096142818
