1,0.99999994329437125,0.99999991980613068,0.99999994329437125,1,1.0000000567056289,1.0000000801938693,1.0000000567056289,1,0.99999994329437125,0.99999991980613068,0.99999994329437125,1,1.0000000567056289,1.0000000801938693,1.0000000567056289
0.99999996931113488,0.99999992591052556,0.99999992591052556,0.99999996931113488,1.0000000306888652,1.0000000740894746,1.0000000740894746,1.0000000306888652,0.99999996931113488,0.99999992591052556,0.99999992591052556,0.99999996931113488,1.0000000306888652,1.0000000740894746,1.0000000740894746,1.0000000306888652
0.99999994329437125,0.99999991980613068,0.99999994329437125,1,1.0000000567056289,1.0000000801938693,1.0000000567056289,1,0.99999994329437125,0.99999991980613068,0.99999994329437125,1,1.0000000567056289,1.0000000801938693,1.0000000567056289,1
0.99999992591052556,0.99999992591052556,0.99999996931113488,1.0000000306888652,1.0000000740894746,1.0000000740894746,1.0000000306888652,0.99999996931113488,0.99999992591052556,0.99999992591052556,0.99999996931113488,1.0000000306888652,1.0000000740894746,1.0000000740894746,1.0000000306888652,0.99999996931113488
0.99999991980613068,0.99999994329437125,1,1.0000000567056289,1.0000000801938693,1.0000000567056289,1,0.99999994329437125,0.99999991980613068,0.99999994329437125,1,1.0000000567056289,1.0000000801938693,1.0000000567056289,1,0.99999994329437125
0.99999992591052556,0.99999996931113488,1.0000000306888652,1.0000000740894746,1.0000000740894746,1.0000000306888652,0.99999996931113488,0.99999992591052556,0.99999992591052556,0.99999996931113488,1.0000000306888652,1.0000000740894746,1.0000000740894746,1.0000000306888652,0.99999996931113488,0.99999992591052556
0.99999994329437125,1,1.0000000567056289,1.0000000801938693,1.0000000567056289,1,0.99999994329437125,0.99999991980613068,0.99999994329437125,1,1.0000000567056289,1.0000000801938693,1.0000000567056289,1,0.99999994329437125,0.99999991980613068
0.99999996931113488,1.0000000306888652,1.0000000740894746,1.0000000740894746,1.0000000306888652,0.99999996931113488,0.99999992591052556,0.99999992591052556,0.99999996931113488,1.0000000306888652,1.0000000740894746,1.0000000740894746,1.0000000306888652,0.99999996931113488,0.99999992591052556,0.99999992591052556
1,1.0000000567056289,1.0000000801938693,1.0000000567056289,1,0.99999994329437125,0.99999991980613068,0.99999994329437125,1,1.0000000567056289,1.0000000801938693,1.0000000567056289,1,0.99999994329437125,0.99999991980613068,0.99999994329437125
1.0000000306888652,1.0000000740894746,1.0000000740894746,1.0000000306888652,0.99999996931113488,0.99999992591052556,0.99999992591052556,0.99999996931113488,1.0000000306888652,1.0000000740894746,1.0000000740894746,1.0000000306888652,0.99999996931113488,0.99999992591052556,0.99999992591052556,0.99999996931113488
1.0000000567056289,1.0000000801938693,1.0000000567056289,1,0.99999994329437125,0.99999991980613068,0.99999994329437125,1,1.0000000567056289,1.0000000801938693,1.0000000567056289,1,0.99999994329437125,0.99999991980613068,0.99999994329437125,1
1.0000000740894746,1.0000000740894746,1.0000000306888652,0.99999996931113488,0.99999992591052556,0.99999992591052556,0.99999996931113488,1.0000000306888652,1.0000000740894746,1.0000000740894746,1.0000000306888652,0.99999996931113488,0.99999992591052556,0.99999992591052556,0.99999996931113488,1.0000000306888652
1.0000000801938693,1.0000000567056289,1,0.99999994329437125,0.99999991980613068,0.99999994329437125,1,1.0000000567056289,1.0000000801938693,1.0000000567056289,1,0.99999994329437125,0.99999991980613068,0.99999994329437125,1,1.0000000567056289
1.0000000740894746,1.0000000306888652,0.99999996931113488,0.99999992591052556,0.99999992591052556,0.99999996931113488,1.0000000306888652,1.0000000740894746,1.0000000740894746,1.0000000306888652,0.99999996931113488,0.99999992591052556,0.99999992591052556,0.99999996931113488,1.0000000306888652,1.0000000740894746
1.0000000567056289,1,0.99999994329437125,0.99999991980613068,0.99999994329437125,1,1.0000000567056289,1.0000000801938693,1.0000000567056289,1,0.99999994329437125,0.99999991980613068,0.99999994329437125,1,1.0000000567056289,1.0000000801938693
1.0000000306888652,0.99999996931113488,0.99999992591052556,0.99999992591052556,0.99999996931113488,1.0000000306888652,1.0000000740894746,1.0000000740894746,1.0000000306888652,0.99999996931113488,0.99999992591052556,0.99999992591052556,0.99999996931113488,1.0000000306888652,1.0000000740894746,1.0000000740894746
0,-1.5814364160933835e-05,-2.2364888276699643e-05,-1.5814364160933838e-05,-2.7389088841348383e-21,1.5814364160933835e-05,2.2364888276699643e-05,1.5814364160933841e-05,5.4778177682696766e-21,-1.5814364160933835e-05,-2.2364888276699643e-05,-1.5814364160933858e-05,-8.2167266524045146e-21,1.5814364160933845e-05,2.2364888276699643e-05,1.5814364160933858e-05
-8.5586722101891777e-06,-2.0662462525744423e-05,-2.0662462525744423e-05,-8.5586722101891794e-06,8.5586722101891743e-06,2.0662462525744419e-05,2.0662462525744423e-05,8.5586722101891913e-06,-8.5586722101891811e-06,-2.0662462525744419e-05,-2.0662462525744423e-05,-8.558672210189193e-06,8.5586722101891794e-06,2.0662462525744433e-05,2.0662462525744423e-05,8.5586722101891963e-06
-1.5814364160933835e-05,-2.2364888276699643e-05,-1.5814364160933838e-05,-2.7389088841348383e-21,1.5814364160933835e-05,2.2364888276699643e-05,1.5814364160933841e-05,5.4778177682696766e-21,-1.5814364160933835e-05,-2.2364888276699643e-05,-1.5814364160933858e-05,-8.2167266524045146e-21,1.5814364160933845e-05,2.2364888276699643e-05,1.5814364160933858e-05,1.0955635536539353e-20
-2.0662462525744423e-05,-2.0662462525744423e-05,-8.5586722101891794e-06,8.5586722101891743e-06,2.0662462525744419e-05,2.0662462525744423e-05,8.5586722101891913e-06,-8.5586722101891811e-06,-2.0662462525744419e-05,-2.0662462525744423e-05,-8.558672210189193e-06,8.5586722101891421e-06,2.0662462525744416e-05,2.0662462525744423e-05,8.5586722101891963e-06,-8.5586722101891387e-06
-2.2364888276699643e-05,-1.5814364160933838e-05,-2.7389088841348383e-21,1.5814364160933835e-05,2.2364888276699643e-05,1.5814364160933841e-05,5.4778177682696766e-21,-1.5814364160933835e-05,-2.2364888276699643e-05,-1.5814364160933858e-05,-8.2167266524045146e-21,1.5814364160933814e-05,2.2364888276699643e-05,1.5814364160933831e-05,1.0955635536539353e-20,-1.5814364160933814e-05
-2.0662462525744423e-05,-8.5586722101891794e-06,8.5586722101891743e-06,2.0662462525744419e-05,2.0662462525744423e-05,8.5586722101891913e-06,-8.5586722101891811e-06,-2.0662462525744419e-05,-2.0662462525744423e-05,-8.558672210189193e-06,8.5586722101891794e-06,2.0662462525744416e-05,2.0662462525744423e-05,8.5586722101891608e-06,-8.558672210189176e-06,-2.0662462525744416e-05
-1.5814364160933838e-05,-2.7389088841348383e-21,1.5814364160933835e-05,2.2364888276699643e-05,1.5814364160933841e-05,5.4778177682696766e-21,-1.5814364160933835e-05,-2.2364888276699643e-05,-1.5814364160933858e-05,-8.2167266524045146e-21,1.5814364160933845e-05,2.2364888276699643e-05,1.5814364160933858e-05,1.0955635536539353e-20,-1.5814364160933841e-05,-2.2364888276699643e-05
-8.5586722101891794e-06,8.5586722101891743e-06,2.0662462525744419e-05,2.0662462525744423e-05,8.5586722101891913e-06,-8.5586722101891811e-06,-2.0662462525744419e-05,-2.0662462525744423e-05,-8.558672210189193e-06,8.5586722101891794e-06,2.0662462525744416e-05,2.066246252574444e-05,8.5586722101891963e-06,-8.558672210189176e-06,-2.0662462525744416e-05,-2.066246252574444e-05
-2.7389088841348383e-21,1.5814364160933835e-05,2.2364888276699643e-05,1.5814364160933841e-05,5.4778177682696766e-21,-1.5814364160933835e-05,-2.2364888276699643e-05,-1.5814364160933858e-05,-8.2167266524045146e-21,1.5814364160933845e-05,2.2364888276699643e-05,1.5814364160933858e-05,1.0955635536539353e-20,-1.5814364160933841e-05,-2.2364888276699643e-05,-1.5814364160933862e-05
8.5586722101891743e-06,2.0662462525744419e-05,2.0662462525744423e-05,8.5586722101891913e-06,-8.5586722101891811e-06,-2.0662462525744419e-05,-2.0662462525744423e-05,-8.558672210189193e-06,8.5586722101891794e-06,2.0662462525744416e-05,2.0662462525744423e-05,8.5586722101891963e-06,-8.558672210189176e-06,-2.0662462525744433e-05,-2.0662462525744426e-05,-8.558672210189198e-06
1.5814364160933835e-05,2.2364888276699643e-05,1.5814364160933841e-05,5.4778177682696766e-21,-1.5814364160933835e-05,-2.2364888276699643e-05,-1.5814364160933858e-05,-8.2167266524045146e-21,1.5814364160933845e-05,2.2364888276699643e-05,1.5814364160933858e-05,1.0955635536539353e-20,-1.5814364160933841e-05,-2.2364888276699643e-05,-1.5814364160933862e-05,-1.369454442067419e-20
2.0662462525744419e-05,2.066246252574443e-05,8.5586722101891913e-06,-8.5586722101891625e-06,-2.0662462525744419e-05,-2.0662462525744423e-05,-8.558672210189193e-06,8.5586722101891421e-06,2.0662462525744416e-05,2.0662462525744423e-05,8.5586722101891963e-06,-8.5586722101891387e-06,-2.0662462525744416e-05,-2.0662462525744426e-05,-8.558672210189198e-06,8.558672210189137e-06
2.2364888276699643e-05,1.5814364160933841e-05,5.4778177682696766e-21,-1.5814364160933835e-05,-2.2364888276699643e-05,-1.5814364160933858e-05,-8.2167266524045146e-21,1.5814364160933845e-05,2.2364888276699643e-05,1.5814364160933858e-05,1.0955635536539353e-20,-1.5814364160933814e-05,-2.2364888276699643e-05,-1.5814364160933831e-05,-1.369454442067419e-20,1.5814364160933841e-05
2.0662462525744423e-05,8.5586722101891726e-06,-8.5586722101891811e-06,-2.0662462525744426e-05,-2.0662462525744423e-05,-8.5586722101891557e-06,8.5586722101891794e-06,2.0662462525744416e-05,2.0662462525744423e-05,8.5586722101891608e-06,-8.558672210189176e-06,-2.0662462525744416e-05,-2.0662462525744426e-05,-8.5586722101891625e-06,8.5586722101892099e-06,2.0662462525744413e-05
1.5814364160933841e-05,5.4778177682696766e-21,-1.5814364160933835e-05,-2.2364888276699643e-05,-1.5814364160933858e-05,-8.2167266524045146e-21,1.5814364160933845e-05,2.2364888276699643e-05,1.5814364160933858e-05,1.0955635536539353e-20,-1.5814364160933841e-05,-2.2364888276699643e-05,-1.5814364160933862e-05,-1.369454442067419e-20,1.5814364160933841e-05,2.2364888276699643e-05
8.5586722101891913e-06,-8.5586722101891625e-06,-2.0662462525744419e-05,-2.0662462525744423e-05,-8.558672210189193e-06,8.5586722101891421e-06,2.0662462525744416e-05,2.0662462525744423e-05,8.5586722101891963e-06,-8.5586722101891387e-06,-2.0662462525744416e-05,-2.066246252574444e-05,-8.558672210189198e-06,8.5586722101892099e-06,2.0662462525744413e-05,2.0662462525744457e-05
1,0.9998773058718875,0.99982648429999976,0.9998773058718875,1,1.0001226941281125,1.0001735157000002,1.0001226941281125,1,0.9998773058718875,0.99982648429999976,0.9998773058718875,1,1.0001226941281125,1.0001735157000002,1.0001226941281125
0.99993359841635465,0.99983969239620041,0.99983969239620041,0.99993359841635465,1.0000664015836453,1.0001603076037995,1.0001603076037995,1.0000664015836453,0.99993359841635465,0.99983969239620041,0.99983969239620041,0.99993359841635465,1.0000664015836453,1.0001603076037995,1.0001603076037995,1.0000664015836453
0.9998773058718875,0.99982648429999976,0.9998773058718875,1,1.0001226941281125,1.0001735157000002,1.0001226941281125,1,0.9998773058718875,0.99982648429999976,0.9998773058718875,1,1.0001226941281125,1.0001735157000002,1.0001226941281125,1
0.99983969239620041,0.99983969239620041,0.99993359841635465,1.0000664015836453,1.0001603076037995,1.0001603076037995,1.0000664015836453,0.99993359841635465,0.99983969239620041,0.99983969239620041,0.99993359841635465,1.0000664015836453,1.0001603076037995,1.0001603076037995,1.0000664015836453,0.99993359841635465
0.99982648429999976,0.9998773058718875,1,1.0001226941281125,1.0001735157000002,1.0001226941281125,1,0.9998773058718875,0.99982648429999976,0.9998773058718875,1,1.0001226941281125,1.0001735157000002,1.0001226941281125,1,0.9998773058718875
0.99983969239620041,0.99993359841635465,1.0000664015836453,1.0001603076037995,1.0001603076037995,1.0000664015836453,0.99993359841635465,0.99983969239620041,0.99983969239620041,0.99993359841635465,1.0000664015836453,1.0001603076037995,1.0001603076037995,1.0000664015836453,0.99993359841635465,0.99983969239620041
0.9998773058718875,1,1.0001226941281125,1.0001735157000002,1.0001226941281125,1,0.9998773058718875,0.99982648429999976,0.9998773058718875,1,1.0001226941281125,1.0001735157000002,1.0001226941281125,1,0.9998773058718875,0.99982648429999976
0.99993359841635465,1.0000664015836453,1.0001603076037995,1.0001603076037995,1.0000664015836453,0.99993359841635465,0.99983969239620041,0.99983969239620041,0.99993359841635465,1.0000664015836453,1.0001603076037995,1.0001603076037995,1.0000664015836453,0.99993359841635465,0.99983969239620041,0.99983969239620041
1,1.0001226941281125,1.0001735157000002,1.0001226941281125,1,0.9998773058718875,0.99982648429999976,0.9998773058718875,1,1.0001226941281125,1.0001735157000002,1.0001226941281125,1,0.9998773058718875,0.99982648429999976,0.9998773058718875
1.0000664015836453,1.0001603076037995,1.0001603076037995,1.0000664015836453,0.99993359841635465,0.99983969239620041,0.99983969239620041,0.99993359841635465,1.0000664015836453,1.0001603076037995,1.0001603076037995,1.0000664015836453,0.99993359841635465,0.99983969239620041,0.99983969239620041,0.99993359841635465
1.0001226941281125,1.0001735157000002,1.0001226941281125,1,0.9998773058718875,0.99982648429999976,0.9998773058718875,1,1.0001226941281125,1.0001735157000002,1.0001226941281125,1,0.9998773058718875,0.99982648429999976,0.9998773058718875,1
1.0001603076037995,1.0001603076037995,1.0000664015836453,0.99993359841635465,0.99983969239620041,0.99983969239620041,0.99993359841635465,1.0000664015836453,1.0001603076037995,1.0001603076037995,1.0000664015836453,0.99993359841635465,0.99983969239620041,0.99983969239620041,0.99993359841635465,1.0000664015836453
1.0001735157000002,1.0001226941281125,1,0.9998773058718875,0.99982648429999976,0.9998773058718875,1,1.0001226941281125,1.0001735157000002,1.0001226941281125,1,0.9998773058718875,0.99982648429999976,0.9998773058718875,1,1.0001226941281125
1.0001603076037995,1.0000664015836453,0.99993359841635465,0.99983969239620041,0.99983969239620041,0.99993359841635465,1.0000664015836453,1.0001603076037995,1.0001603076037995,1.0000664015836453,0.99993359841635465,0.99983969239620041,0.99983969239620041,0.99993359841635465,1.0000664015836453,1.0001603076037995
1.0001226941281125,1,0.9998773058718875,0.99982648429999976,0.9998773058718875,1,1.0001226941281125,1.0001735157000002,1.0001226941281125,1,0.9998773058718875,0.99982648429999976,0.9998773058718875,1,1.0001226941281125,1.0001735157000002
1.0000664015836453,0.99993359841635465,0.99983969239620041,0.99983969239620041,0.99993359841635465,1.0000664015836453,1.0001603076037995,1.0001603076037995,1.0000664015836453,0.99993359841635465,0.99983969239620041,0.99983969239620041,0.99993359841635465,1.0000664015836453,1.0001603076037995,1.0001603076037995
0,0.00010975867354622253,0.00015522220471714897,0.00010975867354622254,1.9009237616345169e-20,-0.00010975867354622253,-0.00015522220471714897,-0.00010975867354622257,-3.8018475232690337e-20,0.00010975867354622251,0.00015522220471714897,0.00010975867354622269,5.70277128490355e-20,-0.0001097586735462226,-0.00015522220471714897,-0.00010975867354622269
5.9400966080435194e-05,0.00014340661792945083,0.00014340661792945083,5.9400966080435214e-05,-5.940096608043518e-05,-0.0001434066179294508,-0.00014340661792945083,-5.9400966080435288e-05,5.9400966080435221e-05,0.0001434066179294508,0.00014340661792945083,5.9400966080435309e-05,-5.9400966080435207e-05,-0.00014340661792945088,-0.00014340661792945083,-5.9400966080435329e-05
0.00010975867354622253,0.00015522220471714897,0.00010975867354622254,1.9009237616345169e-20,-0.00010975867354622253,-0.00015522220471714897,-0.00010975867354622257,-3.8018475232690337e-20,0.00010975867354622251,0.00015522220471714897,0.00010975867354622269,5.70277128490355e-20,-0.0001097586735462226,-0.00015522220471714897,-0.00010975867354622269,-7.6036950465380674e-20
0.00014340661792945083,0.00014340661792945083,5.9400966080435214e-05,-5.940096608043518e-05,-0.0001434066179294508,-0.00014340661792945083,-5.9400966080435288e-05,5.9400966080435221e-05,0.0001434066179294508,0.00014340661792945083,5.9400966080435309e-05,-5.940096608043495e-05,-0.00014340661792945077,-0.00014340661792945083,-5.9400966080435329e-05,5.9400966080434929e-05
0.00015522220471714897,0.00010975867354622254,1.9009237616345169e-20,-0.00010975867354622253,-0.00015522220471714897,-0.00010975867354622257,-3.8018475232690337e-20,0.00010975867354622251,0.00015522220471714897,0.00010975867354622269,5.70277128490355e-20,-0.00010975867354622239,-0.00015522220471714897,-0.0001097586735462225,-7.6036950465380674e-20,0.00010975867354622239
0.00014340661792945083,5.9400966080435214e-05,-5.940096608043518e-05,-0.0001434066179294508,-0.00014340661792945083,-5.9400966080435288e-05,5.9400966080435221e-05,0.0001434066179294508,0.00014340661792945083,5.9400966080435309e-05,-5.9400966080435207e-05,-0.00014340661792945077,-0.00014340661792945083,-5.9400966080435078e-05,5.9400966080435187e-05,0.00014340661792945077
0.00010975867354622254,1.9009237616345169e-20,-0.00010975867354622253,-0.00015522220471714897,-0.00010975867354622257,-3.8018475232690337e-20,0.00010975867354622251,0.00015522220471714897,0.00010975867354622269,5.70277128490355e-20,-0.0001097586735462226,-0.00015522220471714897,-0.00010975867354622269,-7.6036950465380674e-20,0.00010975867354622258,0.00015522220471714897
5.9400966080435214e-05,-5.940096608043518e-05,-0.0001434066179294508,-0.00014340661792945083,-5.9400966080435288e-05,5.9400966080435221e-05,0.0001434066179294508,0.00014340661792945083,5.9400966080435309e-05,-5.9400966080435207e-05,-0.00014340661792945077,-0.00014340661792945094,-5.9400966080435329e-05,5.9400966080435187e-05,0.00014340661792945077,0.00014340661792945096
1.9009237616345169e-20,-0.00010975867354622253,-0.00015522220471714897,-0.00010975867354622257,-3.8018475232690337e-20,0.00010975867354622251,0.00015522220471714897,0.00010975867354622269,5.70277128490355e-20,-0.0001097586735462226,-0.00015522220471714897,-0.00010975867354622269,-7.6036950465380674e-20,0.00010975867354622258,0.00015522220471714897,0.0001097586735462227
-5.940096608043518e-05,-0.0001434066179294508,-0.00014340661792945083,-5.9400966080435288e-05,5.9400966080435221e-05,0.0001434066179294508,0.00014340661792945083,5.9400966080435309e-05,-5.9400966080435207e-05,-0.00014340661792945077,-0.00014340661792945083,-5.9400966080435329e-05,5.9400966080435187e-05,0.00014340661792945088,0.00014340661792945086,5.9400966080435343e-05
-0.00010975867354622253,-0.00015522220471714897,-0.00010975867354622257,-3.8018475232690337e-20,0.00010975867354622251,0.00015522220471714897,0.00010975867354622269,5.70277128490355e-20,-0.0001097586735462226,-0.00015522220471714897,-0.00010975867354622269,-7.6036950465380674e-20,0.00010975867354622258,0.00015522220471714897,0.0001097586735462227,9.5046188081725837e-20
-0.0001434066179294508,-0.00014340661792945086,-5.9400966080435288e-05,5.9400966080435092e-05,0.0001434066179294508,0.00014340661792945083,5.9400966080435309e-05,-5.940096608043495e-05,-0.00014340661792945077,-0.00014340661792945083,-5.9400966080435329e-05,5.9400966080434929e-05,0.00014340661792945077,0.00014340661792945086,5.9400966080435343e-05,-5.9400966080434909e-05
-0.00015522220471714897,-0.00010975867354622257,-3.8018475232690337e-20,0.00010975867354622251,0.00015522220471714897,0.00010975867354622269,5.70277128490355e-20,-0.0001097586735462226,-0.00015522220471714897,-0.00010975867354622269,-7.6036950465380674e-20,0.00010975867354622239,0.00015522220471714897,0.0001097586735462225,9.5046188081725837e-20,-0.00010975867354622257
-0.00014340661792945083,-5.940096608043516e-05,5.9400966080435221e-05,0.00014340661792945086,0.00014340661792945083,5.9400966080435051e-05,-5.9400966080435207e-05,-0.00014340661792945077,-0.00014340661792945083,-5.9400966080435078e-05,5.9400966080435187e-05,0.00014340661792945077,0.00014340661792945086,5.9400966080435092e-05,-5.9400966080435417e-05,-0.00014340661792945077
-0.00010975867354622257,-3.8018475232690337e-20,0.00010975867354622251,0.00015522220471714897,0.00010975867354622269,5.70277128490355e-20,-0.0001097586735462226,-0.00015522220471714897,-0.00010975867354622269,-7.6036950465380674e-20,0.00010975867354622258,0.00015522220471714897,0.0001097586735462227,9.5046188081725837e-20,-0.00010975867354622257,-0.00015522220471714897
-5.9400966080435288e-05,5.9400966080435092e-05,0.0001434066179294508,0.00014340661792945083,5.9400966080435309e-05,-5.940096608043495e-05,-0.00014340661792945077,-0.00014340661792945083,-5.9400966080435329e-05,5.9400966080434929e-05,0.00014340661792945077,0.00014340661792945096,5.9400966080435343e-05,-5.9400966080435417e-05,-0.00014340661792945077,-0.00014340661792945105
3,3.0019278836890702,3.002726439259761,3.0019278836890702,3,2.9980721163109298,2.997273560740239,2.9980721163109298,3,3.0019278836890702,3.002726439259761,3.0019278836890702,3,2.9980721163109298,2.997273560740239,2.9980721163109298
3.0010433631340603,3.0025189014287283,3.0025189014287283,3.0010433631340603,2.9989566368659397,2.9974810985712717,2.9974810985712717,2.9989566368659397,3.0010433631340603,3.0025189014287283,3.0025189014287283,3.0010433631340603,2.9989566368659397,2.9974810985712717,2.9974810985712717,2.9989566368659397
3.0019278836890702,3.002726439259761,3.0019278836890702,3,2.9980721163109298,2.997273560740239,2.9980721163109298,3,3.0019278836890702,3.002726439259761,3.0019278836890702,3,2.9980721163109298,2.997273560740239,2.9980721163109298,3
3.0025189014287283,3.0025189014287283,3.0010433631340603,2.9989566368659397,2.9974810985712717,2.9974810985712717,2.9989566368659397,3.0010433631340603,3.0025189014287283,3.0025189014287283,3.0010433631340603,2.9989566368659397,2.9974810985712717,2.9974810985712717,2.9989566368659397,3.0010433631340603
3.002726439259761,3.0019278836890702,3,2.9980721163109298,2.997273560740239,2.9980721163109298,3,3.0019278836890702,3.002726439259761,3.0019278836890702,3,2.9980721163109298,2.997273560740239,2.9980721163109298,3,3.0019278836890702
3.0025189014287283,3.0010433631340603,2.9989566368659397,2.9974810985712717,2.9974810985712717,2.9989566368659397,3.0010433631340603,3.0025189014287283,3.0025189014287283,3.0010433631340603,2.9989566368659397,2.9974810985712717,2.9974810985712717,2.9989566368659397,3.0010433631340603,3.0025189014287283
3.0019278836890702,3,2.9980721163109298,2.997273560740239,2.9980721163109298,3,3.0019278836890702,3.002726439259761,3.0019278836890702,3,2.9980721163109298,2.997273560740239,2.9980721163109298,3,3.0019278836890702,3.002726439259761
3.0010433631340603,2.9989566368659397,2.9974810985712717,2.9974810985712717,2.9989566368659397,3.0010433631340603,3.0025189014287283,3.0025189014287283,3.0010433631340603,2.9989566368659397,2.9974810985712717,2.9974810985712717,2.9989566368659397,3.0010433631340603,3.0025189014287283,3.0025189014287283
3,2.9980721163109298,2.997273560740239,2.9980721163109298,3,3.0019278836890702,3.002726439259761,3.0019278836890702,3,2.9980721163109298,2.997273560740239,2.9980721163109298,3,3.0019278836890702,3.002726439259761,3.0019278836890702
2.9989566368659397,2.9974810985712717,2.9974810985712717,2.9989566368659397,3.0010433631340603,3.0025189014287283,3.0025189014287283,3.0010433631340603,2.9989566368659397,2.9974810985712717,2.9974810985712717,2.9989566368659397,3.0010433631340603,3.0025189014287283,3.0025189014287283,3.0010433631340603
2.9980721163109298,2.997273560740239,2.9980721163109298,3,3.0019278836890702,3.002726439259761,3.0019278836890702,3,2.9980721163109298,2.997273560740239,2.9980721163109298,3,3.0019278836890702,3.002726439259761,3.0019278836890702,3
2.9974810985712717,2.9974810985712717,2.9989566368659397,3.0010433631340603,3.0025189014287283,3.0025189014287283,3.0010433631340603,2.9989566368659397,2.9974810985712717,2.9974810985712717,2.9989566368659397,3.0010433631340603,3.0025189014287283,3.0025189014287283,3.0010433631340603,2.9989566368659397
2.997273560740239,2.9980721163109298,3,3.0019278836890702,3.002726439259761,3.0019278836890702,3,2.9980721163109298,2.997273560740239,2.9980721163109298,3,3.0019278836890702,3.002726439259761,3.0019278836890702,3,2.9980721163109298
2.9974810985712717,2.9989566368659397,3.0010433631340603,3.0025189014287283,3.0025189014287283,3.0010433631340603,2.9989566368659397,2.9974810985712717,2.9974810985712717,2.9989566368659397,3.0010433631340603,3.0025189014287283,3.0025189014287283,3.0010433631340603,2.9989566368659397,2.9974810985712717
2.9980721163109298,3,3.0019278836890702,3.002726439259761,3.0019278836890702,3,2.9980721163109298,2.997273560740239,2.9980721163109298,3,3.0019278836890702,3.002726439259761,3.0019278836890702,3,2.9980721163109298,2.997273560740239
2.9989566368659397,3.0010433631340603,3.0025189014287283,3.0025189014287283,3.0010433631340603,2.9989566368659397,2.9974810985712717,2.9974810985712717,2.9989566368659397,3.0010433631340603,3.0025189014287283,3.0025189014287283,3.0010433631340603,2.9989566368659397,2.9974810985712717,2.9974810985712717
0,7.1518225412544523e-06,1.0114204433527661e-05,7.1518225412544531e-06,1.2386328085441619e-21,-7.1518225412544523e-06,-1.0114204433527661e-05,-7.151822541254454e-06,-2.4772656170883238e-21,7.1518225412544506e-06,1.0114204433527661e-05,7.1518225412544616e-06,3.7158984256324855e-21,-7.1518225412544565e-06,-1.0114204433527661e-05,-7.1518225412544616e-06
3.870538468264574e-06,9.3443064637711192e-06,9.3443064637711192e-06,3.8705384682645748e-06,-3.8705384682645723e-06,-9.3443064637711175e-06,-9.3443064637711175e-06,-3.8705384682645799e-06,3.8705384682645756e-06,9.3443064637711175e-06,9.3443064637711192e-06,3.8705384682645807e-06,-3.870538468264574e-06,-9.3443064637711226e-06,-9.3443064637711192e-06,-3.8705384682645824e-06
7.1518225412544523e-06,1.0114204433527661e-05,7.1518225412544531e-06,1.2386328085441619e-21,-7.1518225412544523e-06,-1.0114204433527661e-05,-7.151822541254454e-06,-2.4772656170883238e-21,7.1518225412544506e-06,1.0114204433527661e-05,7.1518225412544616e-06,3.7158984256324855e-21,-7.1518225412544565e-06,-1.0114204433527661e-05,-7.1518225412544616e-06,-4.9545312341766476e-21
9.3443064637711192e-06,9.3443064637711192e-06,3.8705384682645748e-06,-3.8705384682645723e-06,-9.3443064637711175e-06,-9.3443064637711175e-06,-3.8705384682645799e-06,3.8705384682645756e-06,9.3443064637711175e-06,9.3443064637711192e-06,3.8705384682645807e-06,-3.8705384682645579e-06,-9.3443064637711158e-06,-9.3443064637711192e-06,-3.8705384682645824e-06,3.8705384682645562e-06
1.0114204433527661e-05,7.1518225412544531e-06,1.2386328085441619e-21,-7.1518225412544523e-06,-1.0114204433527661e-05,-7.151822541254454e-06,-2.4772656170883238e-21,7.1518225412544506e-06,1.0114204433527661e-05,7.1518225412544616e-06,3.7158984256324855e-21,-7.151822541254443e-06,-1.0114204433527661e-05,-7.1518225412544498e-06,-4.9545312341766476e-21,7.151822541254443e-06
9.3443064637711192e-06,3.8705384682645748e-06,-3.8705384682645723e-06,-9.3443064637711175e-06,-9.3443064637711175e-06,-3.8705384682645799e-06,3.8705384682645756e-06,9.3443064637711175e-06,9.3443064637711192e-06,3.8705384682645807e-06,-3.870538468264574e-06,-9.3443064637711158e-06,-9.3443064637711192e-06,-3.8705384682645663e-06,3.8705384682645731e-06,9.3443064637711158e-06
7.1518225412544531e-06,1.2386328085441619e-21,-7.1518225412544523e-06,-1.0114204433527661e-05,-7.151822541254454e-06,-2.4772656170883238e-21,7.1518225412544506e-06,1.0114204433527661e-05,7.1518225412544616e-06,3.7158984256324855e-21,-7.1518225412544565e-06,-1.0114204433527661e-05,-7.1518225412544616e-06,-4.9545312341766476e-21,7.1518225412544548e-06,1.0114204433527661e-05
3.8705384682645748e-06,-3.8705384682645723e-06,-9.3443064637711175e-06,-9.3443064637711175e-06,-3.8705384682645799e-06,3.8705384682645756e-06,9.3443064637711175e-06,9.3443064637711192e-06,3.8705384682645807e-06,-3.870538468264574e-06,-9.3443064637711158e-06,-9.344306463771126e-06,-3.8705384682645824e-06,3.8705384682645731e-06,9.3443064637711158e-06,9.3443064637711277e-06
1.2386328085441619e-21,-7.1518225412544523e-06,-1.0114204433527661e-05,-7.151822541254454e-06,-2.4772656170883238e-21,7.1518225412544506e-06,1.0114204433527661e-05,7.1518225412544616e-06,3.7158984256324855e-21,-7.1518225412544565e-06,-1.0114204433527661e-05,-7.1518225412544616e-06,-4.9545312341766476e-21,7.1518225412544548e-06,1.0114204433527661e-05,7.1518225412544633e-06
-3.8705384682645723e-06,-9.3443064637711175e-06,-9.3443064637711175e-06,-3.8705384682645799e-06,3.8705384682645756e-06,9.3443064637711175e-06,9.3443064637711192e-06,3.8705384682645807e-06,-3.870538468264574e-06,-9.3443064637711158e-06,-9.3443064637711192e-06,-3.8705384682645824e-06,3.8705384682645731e-06,9.3443064637711226e-06,9.3443064637711209e-06,3.8705384682645833e-06
-7.1518225412544523e-06,-1.0114204433527661e-05,-7.151822541254454e-06,-2.4772656170883238e-21,7.1518225412544506e-06,1.0114204433527661e-05,7.1518225412544616e-06,3.7158984256324855e-21,-7.1518225412544565e-06,-1.0114204433527661e-05,-7.1518225412544616e-06,-4.9545312341766476e-21,7.1518225412544548e-06,1.0114204433527661e-05,7.1518225412544633e-06,6.1931640427208097e-21
-9.3443064637711175e-06,-9.3443064637711209e-06,-3.8705384682645799e-06,3.8705384682645672e-06,9.3443064637711175e-06,9.3443064637711192e-06,3.8705384682645807e-06,-3.8705384682645579e-06,-9.3443064637711158e-06,-9.3443064637711192e-06,-3.8705384682645824e-06,3.8705384682645562e-06,9.3443064637711158e-06,9.3443064637711209e-06,3.8705384682645833e-06,-3.8705384682645553e-06
-1.0114204433527661e-05,-7.151822541254454e-06,-2.4772656170883238e-21,7.1518225412544506e-06,1.0114204433527661e-05,7.1518225412544616e-06,3.7158984256324855e-21,-7.1518225412544565e-06,-1.0114204433527661e-05,-7.1518225412544616e-06,-4.9545312341766476e-21,7.151822541254443e-06,1.0114204433527661e-05,7.1518225412544498e-06,6.1931640427208097e-21,-7.151822541254454e-06
-9.3443064637711175e-06,-3.8705384682645714e-06,3.8705384682645756e-06,9.3443064637711209e-06,9.3443064637711192e-06,3.8705384682645646e-06,-3.870538468264574e-06,-9.3443064637711158e-06,-9.3443064637711192e-06,-3.8705384682645663e-06,3.8705384682645731e-06,9.3443064637711158e-06,9.3443064637711209e-06,3.8705384682645672e-06,-3.8705384682645884e-06,-9.3443064637711141e-06
-7.151822541254454e-06,-2.4772656170883238e-21,7.1518225412544506e-06,1.0114204433527661e-05,7.1518225412544616e-06,3.7158984256324855e-21,-7.1518225412544565e-06,-1.0114204433527661e-05,-7.1518225412544616e-06,-4.9545312341766476e-21,7.1518225412544548e-06,1.0114204433527661e-05,7.1518225412544633e-06,6.1931640427208097e-21,-7.151822541254454e-06,-1.0114204433527661e-05
-3.8705384682645799e-06,3.8705384682645672e-06,9.3443064637711175e-06,9.3443064637711192e-06,3.8705384682645807e-06,-3.8705384682645579e-06,-9.3443064637711158e-06,-9.3443064637711192e-06,-3.8705384682645824e-06,3.8705384682645562e-06,9.3443064637711158e-06,9.3443064637711277e-06,3.8705384682645833e-06,-3.8705384682645884e-06,-9.3443064637711141e-06,-9.3443064637711327e-06
0,-9.8289291713454886e-05,-0.00013900204937721339,-9.8289291713454913e-05,-1.7022841484472672e-20,9.8289291713454886e-05,0.00013900204937721339,9.8289291713454926e-05,3.4045682968945344e-20,-9.8289291713454872e-05,-0.00013900204937721339,-9.8289291713455035e-05,-5.1068524453418013e-20,9.8289291713454953e-05,0.00013900204937721339,9.8289291713455035e-05
-5.3193781361453706e-05,-0.0001284211483967307,-0.0001284211483967307,-5.3193781361453726e-05,5.3193781361453692e-05,0.00012842114839673068,0.00012842114839673068,5.3193781361453794e-05,-5.3193781361453733e-05,-0.00012842114839673068,-0.0001284211483967307,-5.3193781361453807e-05,5.3193781361453719e-05,0.00012842114839673076,0.0001284211483967307,5.3193781361453828e-05
-9.8289291713454886e-05,-0.00013900204937721339,-9.8289291713454913e-05,-1.7022841484472672e-20,9.8289291713454886e-05,0.00013900204937721339,9.8289291713454926e-05,3.4045682968945344e-20,-9.8289291713454872e-05,-0.00013900204937721339,-9.8289291713455035e-05,-5.1068524453418013e-20,9.8289291713454953e-05,0.00013900204937721339,9.8289291713455035e-05,6.8091365937890688e-20
-0.0001284211483967307,-0.0001284211483967307,-5.3193781361453726e-05,5.3193781361453692e-05,0.00012842114839673068,0.00012842114839673068,5.3193781361453794e-05,-5.3193781361453733e-05,-0.00012842114839673068,-0.0001284211483967307,-5.3193781361453807e-05,5.3193781361453482e-05,0.00012842114839673065,0.0001284211483967307,5.3193781361453828e-05,-5.3193781361453469e-05
-0.00013900204937721339,-9.8289291713454913e-05,-1.7022841484472672e-20,9.8289291713454886e-05,0.00013900204937721339,9.8289291713454926e-05,3.4045682968945344e-20,-9.8289291713454872e-05,-0.00013900204937721339,-9.8289291713455035e-05,-5.1068524453418013e-20,9.8289291713454764e-05,0.00013900204937721339,9.8289291713454858e-05,6.8091365937890688e-20,-9.8289291713454764e-05
-0.0001284211483967307,-5.3193781361453726e-05,5.3193781361453692e-05,0.00012842114839673068,0.00012842114839673068,5.3193781361453794e-05,-5.3193781361453733e-05,-0.00012842114839673068,-0.0001284211483967307,-5.3193781361453807e-05,5.3193781361453719e-05,0.00012842114839673065,0.0001284211483967307,5.3193781361453604e-05,-5.3193781361453699e-05,-0.00012842114839673065
-9.8289291713454913e-05,-1.7022841484472672e-20,9.8289291713454886e-05,0.00013900204937721339,9.8289291713454926e-05,3.4045682968945344e-20,-9.8289291713454872e-05,-0.00013900204937721339,-9.8289291713455035e-05,-5.1068524453418013e-20,9.8289291713454953e-05,0.00013900204937721339,9.8289291713455035e-05,6.8091365937890688e-20,-9.828929171345494e-05,-0.00013900204937721339
-5.3193781361453726e-05,5.3193781361453692e-05,0.00012842114839673068,0.00012842114839673068,5.3193781361453794e-05,-5.3193781361453733e-05,-0.00012842114839673068,-0.0001284211483967307,-5.3193781361453807e-05,5.3193781361453719e-05,0.00012842114839673065,0.00012842114839673079,5.3193781361453828e-05,-5.3193781361453699e-05,-0.00012842114839673065,-0.00012842114839673081
-1.7022841484472672e-20,9.8289291713454886e-05,0.00013900204937721339,9.8289291713454926e-05,3.4045682968945344e-20,-9.8289291713454872e-05,-0.00013900204937721339,-9.8289291713455035e-05,-5.1068524453418013e-20,9.8289291713454953e-05,0.00013900204937721339,9.8289291713455035e-05,6.8091365937890688e-20,-9.828929171345494e-05,-0.00013900204937721339,-9.8289291713455048e-05
5.3193781361453692e-05,0.00012842114839673068,0.00012842114839673068,5.3193781361453794e-05,-5.3193781361453733e-05,-0.00012842114839673068,-0.0001284211483967307,-5.3193781361453807e-05,5.3193781361453719e-05,0.00012842114839673065,0.0001284211483967307,5.3193781361453828e-05,-5.3193781361453699e-05,-0.00012842114839673076,-0.0001284211483967307,-5.3193781361453841e-05
9.8289291713454886e-05,0.00013900204937721339,9.8289291713454926e-05,3.4045682968945344e-20,-9.8289291713454872e-05,-0.00013900204937721339,-9.8289291713455035e-05,-5.1068524453418013e-20,9.8289291713454953e-05,0.00013900204937721339,9.8289291713455035e-05,6.8091365937890688e-20,-9.828929171345494e-05,-0.00013900204937721339,-9.8289291713455048e-05,-8.5114207422363363e-20
0.00012842114839673068,0.00012842114839673073,5.3193781361453794e-05,-5.3193781361453618e-05,-0.00012842114839673068,-0.0001284211483967307,-5.3193781361453807e-05,5.3193781361453482e-05,0.00012842114839673065,0.0001284211483967307,5.3193781361453828e-05,-5.3193781361453469e-05,-0.00012842114839673065,-0.0001284211483967307,-5.3193781361453841e-05,5.3193781361453455e-05
0.00013900204937721339,9.8289291713454926e-05,3.4045682968945344e-20,-9.8289291713454872e-05,-0.00013900204937721339,-9.8289291713455035e-05,-5.1068524453418013e-20,9.8289291713454953e-05,0.00013900204937721339,9.8289291713455035e-05,6.8091365937890688e-20,-9.8289291713454764e-05,-0.00013900204937721339,-9.8289291713454858e-05,-8.5114207422363363e-20,9.8289291713454926e-05
0.00012842114839673068,5.3193781361453679e-05,-5.3193781361453733e-05,-0.0001284211483967307,-0.0001284211483967307,-5.3193781361453577e-05,5.3193781361453719e-05,0.00012842114839673065,0.0001284211483967307,5.3193781361453604e-05,-5.3193781361453699e-05,-0.00012842114839673065,-0.0001284211483967307,-5.3193781361453618e-05,5.3193781361453909e-05,0.00012842114839673065
9.8289291713454926e-05,3.4045682968945344e-20,-9.8289291713454872e-05,-0.00013900204937721339,-9.8289291713455035e-05,-5.1068524453418013e-20,9.8289291713454953e-05,0.00013900204937721339,9.8289291713455035e-05,6.8091365937890688e-20,-9.828929171345494e-05,-0.00013900204937721339,-9.8289291713455048e-05,-8.5114207422363363e-20,9.8289291713454926e-05,0.00013900204937721339
5.3193781361453794e-05,-5.3193781361453618e-05,-0.00012842114839673068,-0.0001284211483967307,-5.3193781361453807e-05,5.3193781361453482e-05,0.00012842114839673065,0.0001284211483967307,5.3193781361453828e-05,-5.3193781361453469e-05,-0.00012842114839673065,-0.00012842114839673081,-5.3193781361453841e-05,5.3193781361453909e-05,0.00012842114839673065,0.00012842114839673089
0,-0.00091898817436441313,-0.0012996455398466438,-0.00091898817436441324,-1.5916067503993263e-19,0.00091898817436441313,0.0012996455398466438,0.00091898817436441346,3.1832135007986526e-19,-0.00091898817436441302,-0.0012996455398466438,-0.00091898817436441443,-4.7748202511979784e-19,0.00091898817436441367,0.0012996455398466438,0.00091898817436441443
-0.00049735281604649368,-0.0012007159137838962,-0.0012007159137838962,-0.00049735281604649389,0.00049735281604649357,0.001200715913783896,0.001200715913783896,0.00049735281604649454,-0.00049735281604649389,-0.001200715913783896,-0.0012007159137838962,-0.00049735281604649465,0.00049735281604649378,0.0012007159137838966,0.0012007159137838962,0.00049735281604649476
-0.00091898817436441313,-0.0012996455398466438,-0.00091898817436441324,-1.5916067503993263e-19,0.00091898817436441313,0.0012996455398466438,0.00091898817436441346,3.1832135007986526e-19,-0.00091898817436441302,-0.0012996455398466438,-0.00091898817436441443,-4.7748202511979784e-19,0.00091898817436441367,0.0012996455398466438,0.00091898817436441443,6.3664270015973052e-19
-0.0012007159137838962,-0.0012007159137838962,-0.00049735281604649389,0.00049735281604649357,0.001200715913783896,0.001200715913783896,0.00049735281604649454,-0.00049735281604649389,-0.001200715913783896,-0.0012007159137838962,-0.00049735281604649465,0.00049735281604649162,0.0012007159137838958,0.0012007159137838962,0.00049735281604649476,-0.00049735281604649151
-0.0012996455398466438,-0.00091898817436441324,-1.5916067503993263e-19,0.00091898817436441313,0.0012996455398466438,0.00091898817436441346,3.1832135007986526e-19,-0.00091898817436441302,-0.0012996455398466438,-0.00091898817436441443,-4.7748202511979784e-19,0.00091898817436441194,0.0012996455398466438,0.00091898817436441281,6.3664270015973052e-19,-0.00091898817436441194
-0.0012007159137838962,-0.00049735281604649389,0.00049735281604649357,0.001200715913783896,0.001200715913783896,0.00049735281604649454,-0.00049735281604649389,-0.001200715913783896,-0.0012007159137838962,-0.00049735281604649465,0.00049735281604649378,0.0012007159137838958,0.0012007159137838962,0.0004973528160464927,-0.00049735281604649368,-0.0012007159137838958
-0.00091898817436441324,-1.5916067503993263e-19,0.00091898817436441313,0.0012996455398466438,0.00091898817436441346,3.1832135007986526e-19,-0.00091898817436441302,-0.0012996455398466438,-0.00091898817436441443,-4.7748202511979784e-19,0.00091898817436441367,0.0012996455398466438,0.00091898817436441443,6.3664270015973052e-19,-0.00091898817436441356,-0.0012996455398466438
-0.00049735281604649389,0.00049735281604649357,0.001200715913783896,0.001200715913783896,0.00049735281604649454,-0.00049735281604649389,-0.001200715913783896,-0.0012007159137838962,-0.00049735281604649465,0.00049735281604649378,0.0012007159137838958,0.0012007159137838971,0.00049735281604649476,-0.00049735281604649368,-0.0012007159137838958,-0.0012007159137838973
-1.5916067503993263e-19,0.00091898817436441313,0.0012996455398466438,0.00091898817436441346,3.1832135007986526e-19,-0.00091898817436441302,-0.0012996455398466438,-0.00091898817436441443,-4.7748202511979784e-19,0.00091898817436441367,0.0012996455398466438,0.00091898817436441443,6.3664270015973052e-19,-0.00091898817436441356,-0.0012996455398466438,-0.00091898817436441454
0.00049735281604649357,0.001200715913783896,0.001200715913783896,0.00049735281604649454,-0.00049735281604649389,-0.001200715913783896,-0.0012007159137838962,-0.00049735281604649465,0.00049735281604649378,0.0012007159137838958,0.0012007159137838962,0.00049735281604649476,-0.00049735281604649368,-0.0012007159137838966,-0.0012007159137838964,-0.00049735281604649498
0.00091898817436441313,0.0012996455398466438,0.00091898817436441346,3.1832135007986526e-19,-0.00091898817436441302,-0.0012996455398466438,-0.00091898817436441443,-4.7748202511979784e-19,0.00091898817436441367,0.0012996455398466438,0.00091898817436441443,6.3664270015973052e-19,-0.00091898817436441356,-0.0012996455398466438,-0.00091898817436441454,-7.958033751996632e-19
0.001200715913783896,0.0012007159137838964,0.00049735281604649454,-0.00049735281604649281,-0.001200715913783896,-0.0012007159137838962,-0.00049735281604649465,0.00049735281604649162,0.0012007159137838958,0.0012007159137838962,0.00049735281604649476,-0.00049735281604649151,-0.0012007159137838958,-0.0012007159137838964,-0.00049735281604649498,0.00049735281604649129
0.0012996455398466438,0.00091898817436441346,3.1832135007986526e-19,-0.00091898817436441302,-0.0012996455398466438,-0.00091898817436441443,-4.7748202511979784e-19,0.00091898817436441367,0.0012996455398466438,0.00091898817436441443,6.3664270015973052e-19,-0.00091898817436441194,-0.0012996455398466438,-0.00091898817436441281,-7.958033751996632e-19,0.00091898817436441346
0.001200715913783896,0.00049735281604649346,-0.00049735281604649389,-0.0012007159137838964,-0.0012007159137838962,-0.00049735281604649248,0.00049735281604649378,0.0012007159137838958,0.0012007159137838962,0.0004973528160464927,-0.00049735281604649368,-0.0012007159137838958,-0.0012007159137838964,-0.00049735281604649281,0.00049735281604649563,0.0012007159137838955
0.00091898817436441346,3.1832135007986526e-19,-0.00091898817436441302,-0.0012996455398466438,-0.00091898817436441443,-4.7748202511979784e-19,0.00091898817436441367,0.0012996455398466438,0.00091898817436441443,6.3664270015973052e-19,-0.00091898817436441356,-0.0012996455398466438,-0.00091898817436441454,-7.958033751996632e-19,0.00091898817436441346,0.0012996455398466438
0.00049735281604649454,-0.00049735281604649281,-0.001200715913783896,-0.0012007159137838962,-0.00049735281604649465,0.00049735281604649162,0.0012007159137838958,0.0012007159137838962,0.00049735281604649476,-0.00049735281604649151,-0.0012007159137838958,-0.0012007159137838973,-0.00049735281604649498,0.00049735281604649563,0.0012007159137838955,0.0012007159137838981
0,-0.0011158371108617184,-0.0015780319755798532,-0.0011158371108617186,-1.9325318078460415e-19,0.0011158371108617184,0.0015780319755798532,0.0011158371108617188,3.865063615692083e-19,-0.0011158371108617182,-0.0015780319755798532,-0.0011158371108617199,-5.7975954235381241e-19,0.0011158371108617191,0.0015780319755798532,0.0011158371108617199
-0.00060388669279676178,-0.0014579114438865769,-0.0014579114438865769,-0.00060388669279676189,0.00060388669279676157,0.0014579114438865767,0.0014579114438865769,0.00060388669279676276,-0.000603886692796762,-0.0014579114438865767,-0.0014579114438865769,-0.00060388669279676287,0.00060388669279676178,0.0014579114438865776,0.0014579114438865769,0.00060388669279676308
-0.0011158371108617184,-0.0015780319755798532,-0.0011158371108617186,-1.9325318078460415e-19,0.0011158371108617184,0.0015780319755798532,0.0011158371108617188,3.865063615692083e-19,-0.0011158371108617182,-0.0015780319755798532,-0.0011158371108617199,-5.7975954235381241e-19,0.0011158371108617191,0.0015780319755798532,0.0011158371108617199,7.7301272313841661e-19
-0.0014579114438865769,-0.0014579114438865769,-0.00060388669279676189,0.00060388669279676157,0.0014579114438865767,0.0014579114438865769,0.00060388669279676276,-0.000603886692796762,-0.0014579114438865767,-0.0014579114438865769,-0.00060388669279676287,0.00060388669279675918,0.0014579114438865765,0.0014579114438865769,0.00060388669279676308,-0.00060388669279675907
-0.0015780319755798532,-0.0011158371108617186,-1.9325318078460415e-19,0.0011158371108617184,0.0015780319755798532,0.0011158371108617188,3.865063615692083e-19,-0.0011158371108617182,-0.0015780319755798532,-0.0011158371108617199,-5.7975954235381241e-19,0.0011158371108617171,0.0015780319755798532,0.001115837110861718,7.7301272313841661e-19,-0.0011158371108617171
-0.0014579114438865769,-0.00060388669279676189,0.00060388669279676157,0.0014579114438865767,0.0014579114438865769,0.00060388669279676276,-0.000603886692796762,-0.0014579114438865767,-0.0014579114438865769,-0.00060388669279676287,0.00060388669279676178,0.0014579114438865765,0.0014579114438865769,0.00060388669279676048,-0.00060388669279676167,-0.0014579114438865765
-0.0011158371108617186,-1.9325318078460415e-19,0.0011158371108617184,0.0015780319755798532,0.0011158371108617188,3.865063615692083e-19,-0.0011158371108617182,-0.0015780319755798532,-0.0011158371108617199,-5.7975954235381241e-19,0.0011158371108617191,0.0015780319755798532,0.0011158371108617199,7.7301272313841661e-19,-0.0011158371108617191,-0.0015780319755798532
-0.00060388669279676189,0.00060388669279676157,0.0014579114438865767,0.0014579114438865769,0.00060388669279676276,-0.000603886692796762,-0.0014579114438865767,-0.0014579114438865769,-0.00060388669279676287,0.00060388669279676178,0.0014579114438865765,0.001457911443886578,0.00060388669279676308,-0.00060388669279676167,-0.0014579114438865765,-0.0014579114438865782
-1.9325318078460415e-19,0.0011158371108617184,0.0015780319755798532,0.0011158371108617188,3.865063615692083e-19,-0.0011158371108617182,-0.0015780319755798532,-0.0011158371108617199,-5.7975954235381241e-19,0.0011158371108617191,0.0015780319755798532,0.0011158371108617199,7.7301272313841661e-19,-0.0011158371108617191,-0.0015780319755798532,-0.0011158371108617201
0.00060388669279676157,0.0014579114438865767,0.0014579114438865769,0.00060388669279676276,-0.000603886692796762,-0.0014579114438865767,-0.0014579114438865769,-0.00060388669279676287,0.00060388669279676178,0.0014579114438865765,0.0014579114438865769,0.00060388669279676308,-0.00060388669279676167,-0.0014579114438865776,-0.0014579114438865771,-0.00060388669279676319
0.0011158371108617184,0.0015780319755798532,0.0011158371108617188,3.865063615692083e-19,-0.0011158371108617182,-0.0015780319755798532,-0.0011158371108617199,-5.7975954235381241e-19,0.0011158371108617191,0.0015780319755798532,0.0011158371108617199,7.7301272313841661e-19,-0.0011158371108617191,-0.0015780319755798532,-0.0011158371108617201,-9.6626590392302071e-19
0.0014579114438865767,0.0014579114438865773,0.00060388669279676276,-0.0006038866927967607,-0.0014579114438865767,-0.0014579114438865769,-0.00060388669279676287,0.00060388669279675918,0.0014579114438865765,0.0014579114438865769,0.00060388669279676308,-0.00060388669279675907,-0.0014579114438865765,-0.0014579114438865771,-0.00060388669279676319,0.00060388669279675886
0.0015780319755798532,0.0011158371108617188,3.865063615692083e-19,-0.0011158371108617182,-0.0015780319755798532,-0.0011158371108617199,-5.7975954235381241e-19,0.0011158371108617191,0.0015780319755798532,0.0011158371108617199,7.7301272313841661e-19,-0.0011158371108617171,-0.0015780319755798532,-0.001115837110861718,-9.6626590392302071e-19,0.0011158371108617188
0.0014579114438865769,0.00060388669279676135,-0.000603886692796762,-0.0014579114438865771,-0.0014579114438865769,-0.00060388669279676027,0.00060388669279676178,0.0014579114438865765,0.0014579114438865769,0.00060388669279676048,-0.00060388669279676167,-0.0014579114438865765,-0.0014579114438865771,-0.0006038866927967607,0.00060388669279676406,0.0014579114438865763
0.0011158371108617188,3.865063615692083e-19,-0.0011158371108617182,-0.0015780319755798532,-0.0011158371108617199,-5.7975954235381241e-19,0.0011158371108617191,0.0015780319755798532,0.0011158371108617199,7.7301272313841661e-19,-0.0011158371108617191,-0.0015780319755798532,-0.0011158371108617201,-9.6626590392302071e-19,0.0011158371108617188,0.0015780319755798532
0.00060388669279676276,-0.0006038866927967607,-0.0014579114438865767,-0.0014579114438865769,-0.00060388669279676287,0.00060388669279675918,0.0014579114438865765,0.0014579114438865769,0.00060388669279676308,-0.00060388669279675907,-0.0014579114438865765,-0.0014579114438865782,-0.00060388669279676319,0.00060388669279676406,0.0014579114438865763,0.0014579114438865793
1,1.0001211829262917,1.0001713785378898,1.0001211829262917,1,0.99987881707370829,0.99982862146211027,0.99987881707370829,1,1.0001211829262917,1.0001713785378898,1.0001211829262917,1,0.99987881707370829,0.99982862146211027,0.99987881707370829
1.0000655837271133,1.000158333123468,1.000158333123468,1.0000655837271133,0.99993441627288659,0.99984166687653198,0.99984166687653198,0.99993441627288659,1.0000655837271133,1.000158333123468,1.000158333123468,1.0000655837271133,0.99993441627288659,0.99984166687653198,0.99984166687653198,0.99993441627288659
1.0001211829262917,1.0001713785378898,1.0001211829262917,1,0.99987881707370829,0.99982862146211027,0.99987881707370829,1,1.0001211829262917,1.0001713785378898,1.0001211829262917,1,0.99987881707370829,0.99982862146211027,0.99987881707370829,1
1.000158333123468,1.000158333123468,1.0000655837271133,0.99993441627288659,0.99984166687653198,0.99984166687653198,0.99993441627288659,1.0000655837271133,1.000158333123468,1.000158333123468,1.0000655837271133,0.99993441627288659,0.99984166687653198,0.99984166687653198,0.99993441627288659,1.0000655837271133
1.0001713785378898,1.0001211829262917,1,0.99987881707370829,0.99982862146211027,0.99987881707370829,1,1.0001211829262917,1.0001713785378898,1.0001211829262917,1,0.99987881707370829,0.99982862146211027,0.99987881707370829,1,1.0001211829262917
1.000158333123468,1.0000655837271133,0.99993441627288659,0.99984166687653198,0.99984166687653198,0.99993441627288659,1.0000655837271133,1.000158333123468,1.000158333123468,1.0000655837271133,0.99993441627288659,0.99984166687653198,0.99984166687653198,0.99993441627288659,1.0000655837271133,1.000158333123468
1.0001211829262917,1,0.99987881707370829,0.99982862146211027,0.99987881707370829,1,1.0001211829262917,1.0001713785378898,1.0001211829262917,1,0.99987881707370829,0.99982862146211027,0.99987881707370829,1,1.0001211829262917,1.0001713785378898
1.0000655837271133,0.99993441627288659,0.99984166687653198,0.99984166687653198,0.99993441627288659,1.0000655837271133,1.000158333123468,1.000158333123468,1.0000655837271133,0.99993441627288659,0.99984166687653198,0.99984166687653198,0.99993441627288659,1.0000655837271133,1.000158333123468,1.000158333123468
1,0.99987881707370829,0.99982862146211027,0.99987881707370829,1,1.0001211829262917,1.0001713785378898,1.0001211829262917,1,0.99987881707370829,0.99982862146211027,0.99987881707370829,1,1.0001211829262917,1.0001713785378898,1.0001211829262917
0.99993441627288659,0.99984166687653198,0.99984166687653198,0.99993441627288659,1.0000655837271133,1.000158333123468,1.000158333123468,1.0000655837271133,0.99993441627288659,0.99984166687653198,0.99984166687653198,0.99993441627288659,1.0000655837271133,1.000158333123468,1.000158333123468,1.0000655837271133
0.99987881707370829,0.99982862146211027,0.99987881707370829,1,1.0001211829262917,1.0001713785378898,1.0001211829262917,1,0.99987881707370829,0.99982862146211027,0.99987881707370829,1,1.0001211829262917,1.0001713785378898,1.0001211829262917,1
0.99984166687653198,0.99984166687653198,0.99993441627288659,1.0000655837271133,1.000158333123468,1.000158333123468,1.0000655837271133,0.99993441627288659,0.99984166687653198,0.99984166687653198,0.99993441627288659,1.0000655837271133,1.000158333123468,1.000158333123468,1.0000655837271133,0.99993441627288659
0.99982862146211027,0.99987881707370829,1,1.0001211829262917,1.0001713785378898,1.0001211829262917,1,0.99987881707370829,0.99982862146211027,0.99987881707370829,1,1.0001211829262917,1.0001713785378898,1.0001211829262917,1,0.99987881707370829
0.99984166687653198,0.99993441627288659,1.0000655837271133,1.000158333123468,1.000158333123468,1.0000655837271133,0.99993441627288659,0.99984166687653198,0.99984166687653198,0.99993441627288659,1.0000655837271133,1.000158333123468,1.000158333123468,1.0000655837271133,0.99993441627288659,0.99984166687653198
0.99987881707370829,1,1.0001211829262917,1.0001713785378898,1.0001211829262917,1,0.99987881707370829,0.99982862146211027,0.99987881707370829,1,1.0001211829262917,1.0001713785378898,1.0001211829262917,1,0.99987881707370829,0.99982862146211027
0.99993441627288659,1.0000655837271133,1.000158333123468,1.000158333123468,1.0000655837271133,0.99993441627288659,0.99984166687653198,0.99984166687653198,0.99993441627288659,1.0000655837271133,1.000158333123468,1.000158333123468,1.0000655837271133,0.99993441627288659,0.99984166687653198,0.99984166687653198
0,-0.00023039754319860355,-0.00032583133032890621,-0.00023039754319860358,-3.9902829574921888e-20,0.00023039754319860355,0.00032583133032890621,0.00023039754319860363,7.9805659149843776e-20,-0.00023039754319860353,-0.00032583133032890621,-0.00023039754319860388,-1.1970848872476567e-19,0.00023039754319860369,0.00032583133032890621,0.00023039754319860388
-0.0001246902518623492,-0.00030102889714180052,-0.00030102889714180052,-0.00012469025186234925,0.00012469025186234917,0.00030102889714180047,0.00030102889714180047,0.00012469025186234942,-0.00012469025186234925,-0.00030102889714180047,-0.00030102889714180052,-0.00012469025186234944,0.00012469025186234923,0.00030102889714180063,0.00030102889714180052,0.00012469025186234947
-0.00023039754319860355,-0.00032583133032890621,-0.00023039754319860358,-3.9902829574921888e-20,0.00023039754319860355,0.00032583133032890621,0.00023039754319860363,7.9805659149843776e-20,-0.00023039754319860353,-0.00032583133032890621,-0.00023039754319860388,-1.1970848872476567e-19,0.00023039754319860369,0.00032583133032890621,0.00023039754319860388,1.5961131829968755e-19
-0.00030102889714180052,-0.00030102889714180052,-0.00012469025186234925,0.00012469025186234917,0.00030102889714180047,0.00030102889714180047,0.00012469025186234942,-0.00012469025186234925,-0.00030102889714180047,-0.00030102889714180052,-0.00012469025186234944,0.00012469025186234869,0.00030102889714180042,0.00030102889714180052,0.00012469025186234947,-0.00012469025186234866
-0.00032583133032890621,-0.00023039754319860358,-3.9902829574921888e-20,0.00023039754319860355,0.00032583133032890621,0.00023039754319860363,7.9805659149843776e-20,-0.00023039754319860353,-0.00032583133032890621,-0.00023039754319860388,-1.1970848872476567e-19,0.00023039754319860325,0.00032583133032890621,0.00023039754319860347,1.5961131829968755e-19,-0.00023039754319860325
-0.00030102889714180052,-0.00012469025186234925,0.00012469025186234917,0.00030102889714180047,0.00030102889714180047,0.00012469025186234942,-0.00012469025186234925,-0.00030102889714180047,-0.00030102889714180052,-0.00012469025186234944,0.00012469025186234923,0.00030102889714180042,0.00030102889714180052,0.00012469025186234896,-0.0001246902518623492,-0.00030102889714180042
-0.00023039754319860358,-3.9902829574921888e-20,0.00023039754319860355,0.00032583133032890621,0.00023039754319860363,7.9805659149843776e-20,-0.00023039754319860353,-0.00032583133032890621,-0.00023039754319860388,-1.1970848872476567e-19,0.00023039754319860369,0.00032583133032890621,0.00023039754319860388,1.5961131829968755e-19,-0.00023039754319860366,-0.00032583133032890621
-0.00012469025186234925,0.00012469025186234917,0.00030102889714180047,0.00030102889714180047,0.00012469025186234942,-0.00012469025186234925,-0.00030102889714180047,-0.00030102889714180052,-0.00012469025186234944,0.00012469025186234923,0.00030102889714180042,0.00030102889714180074,0.00012469025186234947,-0.0001246902518623492,-0.00030102889714180042,-0.0003010288971418008
-3.9902829574921888e-20,0.00023039754319860355,0.00032583133032890621,0.00023039754319860363,7.9805659149843776e-20,-0.00023039754319860353,-0.00032583133032890621,-0.00023039754319860388,-1.1970848872476567e-19,0.00023039754319860369,0.00032583133032890621,0.00023039754319860388,1.5961131829968755e-19,-0.00023039754319860366,-0.00032583133032890621,-0.00023039754319860391
0.00012469025186234917,0.00030102889714180047,0.00030102889714180047,0.00012469025186234942,-0.00012469025186234925,-0.00030102889714180047,-0.00030102889714180052,-0.00012469025186234944,0.00012469025186234923,0.00030102889714180042,0.00030102889714180052,0.00012469025186234947,-0.0001246902518623492,-0.00030102889714180063,-0.00030102889714180058,-0.00012469025186234953
0.00023039754319860355,0.00032583133032890621,0.00023039754319860363,7.9805659149843776e-20,-0.00023039754319860353,-0.00032583133032890621,-0.00023039754319860388,-1.1970848872476567e-19,0.00023039754319860369,0.00032583133032890621,0.00023039754319860388,1.5961131829968755e-19,-0.00023039754319860366,-0.00032583133032890621,-0.00023039754319860391,-1.9951414787460946e-19
0.00030102889714180047,0.00030102889714180058,0.00012469025186234942,-0.00012469025186234898,-0.00030102889714180047,-0.00030102889714180052,-0.00012469025186234944,0.00012469025186234869,0.00030102889714180042,0.00030102889714180052,0.00012469025186234947,-0.00012469025186234866,-0.00030102889714180042,-0.00030102889714180058,-0.00012469025186234953,0.0001246902518623486
0.00032583133032890621,0.00023039754319860363,7.9805659149843776e-20,-0.00023039754319860353,-0.00032583133032890621,-0.00023039754319860388,-1.1970848872476567e-19,0.00023039754319860369,0.00032583133032890621,0.00023039754319860388,1.5961131829968755e-19,-0.00023039754319860325,-0.00032583133032890621,-0.00023039754319860347,-1.9951414787460946e-19,0.00023039754319860363
0.00030102889714180047,0.00012469025186234915,-0.00012469025186234925,-0.00030102889714180058,-0.00030102889714180052,-0.0001246902518623489,0.00012469025186234923,0.00030102889714180042,0.00030102889714180052,0.00012469025186234896,-0.0001246902518623492,-0.00030102889714180042,-0.00030102889714180058,-0.00012469025186234898,0.00012469025186234969,0.00030102889714180036
0.00023039754319860363,7.9805659149843776e-20,-0.00023039754319860353,-0.00032583133032890621,-0.00023039754319860388,-1.1970848872476567e-19,0.00023039754319860369,0.00032583133032890621,0.00023039754319860388,1.5961131829968755e-19,-0.00023039754319860366,-0.00032583133032890621,-0.00023039754319860391,-1.9951414787460946e-19,0.00023039754319860363,0.00032583133032890621
0.00012469025186234942,-0.00012469025186234898,-0.00030102889714180047,-0.00030102889714180052,-0.00012469025186234944,0.00012469025186234869,0.00030102889714180042,0.00030102889714180052,0.00012469025186234947,-0.00012469025186234866,-0.00030102889714180042,-0.0003010288971418008,-0.00012469025186234953,0.00012469025186234969,0.00030102889714180036,0.00030102889714180101
1,0.99709673361924422,0.99589416130915331,0.99709673361924422,1,1.0029032663807558,1.0041058386908466,1.0029032663807558,1,0.99709673361924422,0.99589416130915331,0.99709673361924422,1,1.0029032663807558,1.0041058386908466,1.0029032663807558
0.99842876355704946,0.99620669966973385,0.99620669966973385,0.99842876355704946,1.0015712364429505,1.0037933003302661,1.0037933003302661,1.0015712364429505,0.99842876355704946,0.99620669966973385,0.99620669966973385,0.99842876355704946,1.0015712364429505,1.0037933003302661,1.0037933003302661,1.0015712364429505
0.99709673361924422,0.99589416130915331,0.99709673361924422,1,1.0029032663807558,1.0041058386908466,1.0029032663807558,1,0.99709673361924422,0.99589416130915331,0.99709673361924422,1,1.0029032663807558,1.0041058386908466,1.0029032663807558,1
0.99620669966973385,0.99620669966973385,0.99842876355704946,1.0015712364429505,1.0037933003302661,1.0037933003302661,1.0015712364429505,0.99842876355704946,0.99620669966973385,0.99620669966973385,0.99842876355704946,1.0015712364429505,1.0037933003302661,1.0037933003302661,1.0015712364429505,0.99842876355704946
0.99589416130915331,0.99709673361924422,1,1.0029032663807558,1.0041058386908466,1.0029032663807558,1,0.99709673361924422,0.99589416130915331,0.99709673361924422,1,1.0029032663807558,1.0041058386908466,1.0029032663807558,1,0.99709673361924422
0.99620669966973385,0.99842876355704946,1.0015712364429505,1.0037933003302661,1.0037933003302661,1.0015712364429505,0.99842876355704946,0.99620669966973385,0.99620669966973385,0.99842876355704946,1.0015712364429505,1.0037933003302661,1.0037933003302661,1.0015712364429505,0.99842876355704946,0.99620669966973385
0.99709673361924422,1,1.0029032663807558,1.0041058386908466,1.0029032663807558,1,0.99709673361924422,0.99589416130915331,0.99709673361924422,1,1.0029032663807558,1.0041058386908466,1.0029032663807558,1,0.99709673361924422,0.99589416130915331
0.99842876355704946,1.0015712364429505,1.0037933003302661,1.0037933003302661,1.0015712364429505,0.99842876355704946,0.99620669966973385,0.99620669966973385,0.99842876355704946,1.0015712364429505,1.0037933003302661,1.0037933003302661,1.0015712364429505,0.99842876355704946,0.99620669966973385,0.99620669966973385
1,1.0029032663807558,1.0041058386908466,1.0029032663807558,1,0.99709673361924422,0.99589416130915331,0.99709673361924422,1,1.0029032663807558,1.0041058386908466,1.0029032663807558,1,0.99709673361924422,0.99589416130915331,0.99709673361924422
1.0015712364429505,1.0037933003302661,1.0037933003302661,1.0015712364429505,0.99842876355704946,0.99620669966973385,0.99620669966973385,0.99842876355704946,1.0015712364429505,1.0037933003302661,1.0037933003302661,1.0015712364429505,0.99842876355704946,0.99620669966973385,0.99620669966973385,0.99842876355704946
1.0029032663807558,1.0041058386908466,1.0029032663807558,1,0.99709673361924422,0.99589416130915331,0.99709673361924422,1,1.0029032663807558,1.0041058386908466,1.0029032663807558,1,0.99709673361924422,0.99589416130915331,0.99709673361924422,1
1.0037933003302661,1.0037933003302661,1.0015712364429505,0.99842876355704946,0.99620669966973385,0.99620669966973385,0.99842876355704946,1.0015712364429505,1.0037933003302661,1.0037933003302661,1.0015712364429505,0.99842876355704946,0.99620669966973385,0.99620669966973385,0.99842876355704946,1.0015712364429505
1.0041058386908466,1.0029032663807558,1,0.99709673361924422,0.99589416130915331,0.99709673361924422,1,1.0029032663807558,1.0041058386908466,1.0029032663807558,1,0.99709673361924422,0.99589416130915331,0.99709673361924422,1,1.0029032663807558
1.0037933003302661,1.0015712364429505,0.99842876355704946,0.99620669966973385,0.99620669966973385,0.99842876355704946,1.0015712364429505,1.0037933003302661,1.0037933003302661,1.0015712364429505,0.99842876355704946,0.99620669966973385,0.99620669966973385,0.99842876355704946,1.0015712364429505,1.0037933003302661
1.0029032663807558,1,0.99709673361924422,0.99589416130915331,0.99709673361924422,1,1.0029032663807558,1.0041058386908466,1.0029032663807558,1,0.99709673361924422,0.99589416130915331,0.99709673361924422,1,1.0029032663807558,1.0041058386908466
1.0015712364429505,0.99842876355704946,0.99620669966973385,0.99620669966973385,0.99842876355704946,1.0015712364429505,1.0037933003302661,1.0037933003302661,1.0015712364429505,0.99842876355704946,0.99620669966973385,0.99620669966973385,0.99842876355704946,1.0015712364429505,1.0037933003302661,1.0037933003302661
0,0.00095911073836058686,0.0013563874140072151,0.00095911073836058697,1.6610955049676919e-19,-0.00095911073836058686,-0.0013563874140072151,-0.00095911073836058719,-3.3221910099353839e-19,0.00095911073836058664,0.0013563874140072151,0.00095911073836058816,4.9832865149030748e-19,-0.0009591107383605874,-0.0013563874140072151,-0.00095911073836058816
0.00051906699120908919,0.0012531385699571791,0.0012531385699571791,0.0005190669912090893,-0.00051906699120908898,-0.0012531385699571787,-0.0012531385699571789,-0.00051906699120908995,0.00051906699120908941,0.0012531385699571787,0.0012531385699571791,0.00051906699120909017,-0.00051906699120908919,-0.0012531385699571795,-0.0012531385699571791,-0.00051906699120909028
0.00095911073836058686,0.0013563874140072151,0.00095911073836058697,1.6610955049676919e-19,-0.00095911073836058686,-0.0013563874140072151,-0.00095911073836058719,-3.3221910099353839e-19,0.00095911073836058664,0.0013563874140072151,0.00095911073836058816,4.9832865149030748e-19,-0.0009591107383605874,-0.0013563874140072151,-0.00095911073836058816,-6.6443820198707677e-19
0.0012531385699571791,0.0012531385699571791,0.0005190669912090893,-0.00051906699120908898,-0.0012531385699571787,-0.0012531385699571789,-0.00051906699120908995,0.00051906699120908941,0.0012531385699571787,0.0012531385699571791,0.00051906699120909017,-0.00051906699120908692,-0.0012531385699571787,-0.0012531385699571791,-0.00051906699120909028,0.00051906699120908681
0.0013563874140072151,0.00095911073836058697,1.6610955049676919e-19,-0.00095911073836058686,-0.0013563874140072151,-0.00095911073836058719,-3.3221910099353839e-19,0.00095911073836058664,0.0013563874140072151,0.00095911073836058816,4.9832865149030748e-19,-0.00095911073836058567,-0.0013563874140072151,-0.00095911073836058654,-6.6443820198707677e-19,0.00095911073836058567
0.0012531385699571791,0.0005190669912090893,-0.00051906699120908898,-0.0012531385699571787,-0.0012531385699571789,-0.00051906699120908995,0.00051906699120908941,0.0012531385699571787,0.0012531385699571791,0.00051906699120909017,-0.00051906699120908919,-0.0012531385699571787,-0.0012531385699571791,-0.00051906699120908811,0.00051906699120908908,0.0012531385699571787
0.00095911073836058697,1.6610955049676919e-19,-0.00095911073836058686,-0.0013563874140072151,-0.00095911073836058719,-3.3221910099353839e-19,0.00095911073836058664,0.0013563874140072151,0.00095911073836058816,4.9832865149030748e-19,-0.0009591107383605874,-0.0013563874140072151,-0.00095911073836058816,-6.6443820198707677e-19,0.0009591107383605873,0.0013563874140072151
0.0005190669912090893,-0.00051906699120908898,-0.0012531385699571787,-0.0012531385699571789,-0.00051906699120908995,0.00051906699120908941,0.0012531385699571787,0.0012531385699571791,0.00051906699120909017,-0.00051906699120908919,-0.0012531385699571787,-0.00125313856995718,-0.00051906699120909028,0.00051906699120908908,0.0012531385699571787,0.0012531385699571802
1.6610955049676919e-19,-0.00095911073836058686,-0.0013563874140072151,-0.00095911073836058719,-3.3221910099353839e-19,0.00095911073836058664,0.0013563874140072151,0.00095911073836058816,4.9832865149030748e-19,-0.0009591107383605874,-0.0013563874140072151,-0.00095911073836058816,-6.6443820198707677e-19,0.0009591107383605873,0.0013563874140072151,0.00095911073836058838
-0.00051906699120908898,-0.0012531385699571787,-0.0012531385699571789,-0.00051906699120908995,0.00051906699120908941,0.0012531385699571787,0.0012531385699571791,0.00051906699120909017,-0.00051906699120908919,-0.0012531385699571787,-0.0012531385699571791,-0.00051906699120909028,0.00051906699120908908,0.0012531385699571795,0.0012531385699571793,0.00051906699120909039
-0.00095911073836058686,-0.0013563874140072151,-0.00095911073836058719,-3.3221910099353839e-19,0.00095911073836058664,0.0013563874140072151,0.00095911073836058816,4.9832865149030748e-19,-0.0009591107383605874,-0.0013563874140072151,-0.00095911073836058816,-6.6443820198707677e-19,0.0009591107383605873,0.0013563874140072151,0.00095911073836058838,8.3054775248384597e-19
-0.0012531385699571787,-0.0012531385699571793,-0.00051906699120908995,0.00051906699120908822,0.0012531385699571787,0.0012531385699571791,0.00051906699120909017,-0.00051906699120908692,-0.0012531385699571787,-0.0012531385699571791,-0.00051906699120909028,0.00051906699120908681,0.0012531385699571787,0.0012531385699571793,0.00051906699120909039,-0.0005190669912090867
-0.0013563874140072151,-0.00095911073836058719,-3.3221910099353839e-19,0.00095911073836058664,0.0013563874140072151,0.00095911073836058816,4.9832865149030748e-19,-0.0009591107383605874,-0.0013563874140072151,-0.00095911073836058816,-6.6443820198707677e-19,0.00095911073836058567,0.0013563874140072151,0.00095911073836058654,8.3054775248384597e-19,-0.00095911073836058719
-0.0012531385699571789,-0.00051906699120908887,0.00051906699120908941,0.0012531385699571793,0.0012531385699571791,0.00051906699120908789,-0.00051906699120908919,-0.0012531385699571787,-0.0012531385699571791,-0.00051906699120908811,0.00051906699120908908,0.0012531385699571787,0.0012531385699571793,0.00051906699120908822,-0.00051906699120909114,-0.0012531385699571785
-0.00095911073836058719,-3.3221910099353839e-19,0.00095911073836058664,0.0013563874140072151,0.00095911073836058816,4.9832865149030748e-19,-0.0009591107383605874,-0.0013563874140072151,-0.00095911073836058816,-6.6443820198707677e-19,0.0009591107383605873,0.0013563874140072151,0.00095911073836058838,8.3054775248384597e-19,-0.00095911073836058719,-0.0013563874140072151
-0.00051906699120908995,0.00051906699120908822,0.0012531385699571787,0.0012531385699571791,0.00051906699120909017,-0.00051906699120908692,-0.0012531385699571787,-0.0012531385699571791,-0.00051906699120909028,0.00051906699120908681,0.0012531385699571787,0.0012531385699571802,0.00051906699120909039,-0.00051906699120909114,-0.0012531385699571785,-0.0012531385699571811
0,0.00037414477336435745,0.00052912061278288227,0.0003741447733643575,6.4798586480744292e-20,-0.00037414477336435745,-0.00052912061278288227,-0.00037414477336435755,-1.2959717296148858e-19,0.00037414477336435739,0.00052912061278288227,0.00037414477336435799,1.9439575944223284e-19,-0.00037414477336435766,-0.00052912061278288227,-0.00037414477336435799
0.00020248569223487299,0.00048884370437993489,0.00048884370437993489,0.00020248569223487304,-0.00020248569223487294,-0.00048884370437993468,-0.00048884370437993479,-0.00020248569223487332,0.00020248569223487307,0.00048884370437993468,0.00048884370437993489,0.00020248569223487337,-0.00020248569223487302,-0.000488843704379935,-0.00048884370437993489,-0.00020248569223487342
0.00037414477336435745,0.00052912061278288227,0.0003741447733643575,6.4798586480744292e-20,-0.00037414477336435745,-0.00052912061278288227,-0.00037414477336435755,-1.2959717296148858e-19,0.00037414477336435739,0.00052912061278288227,0.00037414477336435799,1.9439575944223284e-19,-0.00037414477336435766,-0.00052912061278288227,-0.00037414477336435799,-2.5919434592297717e-19
0.00048884370437993489,0.00048884370437993489,0.00020248569223487304,-0.00020248569223487294,-0.00048884370437993468,-0.00048884370437993479,-0.00020248569223487332,0.00020248569223487307,0.00048884370437993468,0.00048884370437993489,0.00020248569223487337,-0.00020248569223487215,-0.00048884370437993468,-0.00048884370437993489,-0.00020248569223487342,0.00020248569223487207
0.00052912061278288227,0.0003741447733643575,6.4798586480744292e-20,-0.00037414477336435745,-0.00052912061278288227,-0.00037414477336435755,-1.2959717296148858e-19,0.00037414477336435739,0.00052912061278288227,0.00037414477336435799,1.9439575944223284e-19,-0.00037414477336435696,-0.00052912061278288227,-0.00037414477336435734,-2.5919434592297717e-19,0.00037414477336435696
0.00048884370437993489,0.00020248569223487304,-0.00020248569223487294,-0.00048884370437993468,-0.00048884370437993479,-0.00020248569223487332,0.00020248569223487307,0.00048884370437993468,0.00048884370437993489,0.00020248569223487337,-0.00020248569223487302,-0.00048884370437993468,-0.00048884370437993489,-0.00020248569223487258,0.00020248569223487296,0.00048884370437993468
0.0003741447733643575,6.4798586480744292e-20,-0.00037414477336435745,-0.00052912061278288227,-0.00037414477336435755,-1.2959717296148858e-19,0.00037414477336435739,0.00052912061278288227,0.00037414477336435799,1.9439575944223284e-19,-0.00037414477336435766,-0.00052912061278288227,-0.00037414477336435799,-2.5919434592297717e-19,0.00037414477336435761,0.00052912061278288227
0.00020248569223487304,-0.00020248569223487294,-0.00048884370437993468,-0.00048884370437993479,-0.00020248569223487332,0.00020248569223487307,0.00048884370437993468,0.00048884370437993489,0.00020248569223487337,-0.00020248569223487302,-0.00048884370437993468,-0.00048884370437993522,-0.00020248569223487342,0.00020248569223487296,0.00048884370437993468,0.00048884370437993522
6.4798586480744292e-20,-0.00037414477336435745,-0.00052912061278288227,-0.00037414477336435755,-1.2959717296148858e-19,0.00037414477336435739,0.00052912061278288227,0.00037414477336435799,1.9439575944223284e-19,-0.00037414477336435766,-0.00052912061278288227,-0.00037414477336435799,-2.5919434592297717e-19,0.00037414477336435761,0.00052912061278288227,0.00037414477336435804
-0.00020248569223487294,-0.00048884370437993468,-0.00048884370437993479,-0.00020248569223487332,0.00020248569223487307,0.00048884370437993468,0.00048884370437993489,0.00020248569223487337,-0.00020248569223487302,-0.00048884370437993468,-0.00048884370437993489,-0.00020248569223487342,0.00020248569223487296,0.000488843704379935,0.00048884370437993489,0.00020248569223487348
-0.00037414477336435745,-0.00052912061278288227,-0.00037414477336435755,-1.2959717296148858e-19,0.00037414477336435739,0.00052912061278288227,0.00037414477336435799,1.9439575944223284e-19,-0.00037414477336435766,-0.00052912061278288227,-0.00037414477336435799,-2.5919434592297717e-19,0.00037414477336435761,0.00052912061278288227,0.00037414477336435804,3.2399293240372147e-19
-0.00048884370437993468,-0.000488843704379935,-0.00020248569223487332,0.00020248569223487264,0.00048884370437993468,0.00048884370437993489,0.00020248569223487337,-0.00020248569223487215,-0.00048884370437993468,-0.00048884370437993489,-0.00020248569223487342,0.00020248569223487207,0.00048884370437993468,0.00048884370437993489,0.00020248569223487348,-0.00020248569223487201
-0.00052912061278288227,-0.00037414477336435755,-1.2959717296148858e-19,0.00037414477336435739,0.00052912061278288227,0.00037414477336435799,1.9439575944223284e-19,-0.00037414477336435766,-0.00052912061278288227,-0.00037414477336435799,-2.5919434592297717e-19,0.00037414477336435696,0.00052912061278288227,0.00037414477336435734,3.2399293240372147e-19,-0.00037414477336435755
-0.00048884370437993479,-0.00020248569223487288,0.00020248569223487307,0.00048884370437993489,0.00048884370437993489,0.0002024856922348725,-0.00020248569223487302,-0.00048884370437993468,-0.00048884370437993489,-0.00020248569223487258,0.00020248569223487296,0.00048884370437993468,0.00048884370437993489,0.00020248569223487264,-0.00020248569223487375,-0.00048884370437993457
-0.00037414477336435755,-1.2959717296148858e-19,0.00037414477336435739,0.00052912061278288227,0.00037414477336435799,1.9439575944223284e-19,-0.00037414477336435766,-0.00052912061278288227,-0.00037414477336435799,-2.5919434592297717e-19,0.00037414477336435761,0.00052912061278288227,0.00037414477336435804,3.2399293240372147e-19,-0.00037414477336435755,-0.00052912061278288227
-0.00020248569223487332,0.00020248569223487264,0.00048884370437993468,0.00048884370437993489,0.00020248569223487337,-0.00020248569223487215,-0.00048884370437993468,-0.00048884370437993489,-0.00020248569223487342,0.00020248569223487207,0.00048884370437993468,0.00048884370437993522,0.00020248569223487348,-0.00020248569223487375,-0.00048884370437993457,-0.00048884370437993565
3,3.0036340373274868,3.0051393048747022,3.0036340373274868,3,2.9963659626725132,2.9948606951252978,2.9963659626725132,3,3.0036340373274868,3.0051393048747022,3.0036340373274868,3,2.9963659626725132,2.9948606951252978,2.9963659626725132
3.0019667268294215,3.0047480985850727,3.0047480985850727,3.0019667268294215,2.9980332731705785,2.9952519014149273,2.9952519014149273,2.9980332731705785,3.0019667268294215,3.0047480985850727,3.0047480985850727,3.0019667268294215,2.9980332731705785,2.9952519014149273,2.9952519014149273,2.9980332731705785
3.0036340373274868,3.0051393048747022,3.0036340373274868,3,2.9963659626725132,2.9948606951252978,2.9963659626725132,3,3.0036340373274868,3.0051393048747022,3.0036340373274868,3,2.9963659626725132,2.9948606951252978,2.9963659626725132,3
3.0047480985850727,3.0047480985850727,3.0019667268294215,2.9980332731705785,2.9952519014149273,2.9952519014149273,2.9980332731705785,3.0019667268294215,3.0047480985850727,3.0047480985850727,3.0019667268294215,2.9980332731705785,2.9952519014149273,2.9952519014149273,2.9980332731705785,3.0019667268294215
3.0051393048747022,3.0036340373274868,3,2.9963659626725132,2.9948606951252978,2.9963659626725132,3,3.0036340373274868,3.0051393048747022,3.0036340373274868,3,2.9963659626725132,2.9948606951252978,2.9963659626725132,3,3.0036340373274868
3.0047480985850727,3.0019667268294215,2.9980332731705785,2.9952519014149273,2.9952519014149273,2.9980332731705785,3.0019667268294215,3.0047480985850727,3.0047480985850727,3.0019667268294215,2.9980332731705785,2.9952519014149273,2.9952519014149273,2.9980332731705785,3.0019667268294215,3.0047480985850727
3.0036340373274868,3,2.9963659626725132,2.9948606951252978,2.9963659626725132,3,3.0036340373274868,3.0051393048747022,3.0036340373274868,3,2.9963659626725132,2.9948606951252978,2.9963659626725132,3,3.0036340373274868,3.0051393048747022
3.0019667268294215,2.9980332731705785,2.9952519014149273,2.9952519014149273,2.9980332731705785,3.0019667268294215,3.0047480985850727,3.0047480985850727,3.0019667268294215,2.9980332731705785,2.9952519014149273,2.9952519014149273,2.9980332731705785,3.0019667268294215,3.0047480985850727,3.0047480985850727
3,2.9963659626725132,2.9948606951252978,2.9963659626725132,3,3.0036340373274868,3.0051393048747022,3.0036340373274868,3,2.9963659626725132,2.9948606951252978,2.9963659626725132,3,3.0036340373274868,3.0051393048747022,3.0036340373274868
2.9980332731705785,2.9952519014149273,2.9952519014149273,2.9980332731705785,3.0019667268294215,3.0047480985850727,3.0047480985850727,3.0019667268294215,2.9980332731705785,2.9952519014149273,2.9952519014149273,2.9980332731705785,3.0019667268294215,3.0047480985850727,3.0047480985850727,3.0019667268294215
2.9963659626725132,2.9948606951252978,2.9963659626725132,3,3.0036340373274868,3.0051393048747022,3.0036340373274868,3,2.9963659626725132,2.9948606951252978,2.9963659626725132,3,3.0036340373274868,3.0051393048747022,3.0036340373274868,3
2.9952519014149273,2.9952519014149273,2.9980332731705785,3.0019667268294215,3.0047480985850727,3.0047480985850727,3.0019667268294215,2.9980332731705785,2.9952519014149273,2.9952519014149273,2.9980332731705785,3.0019667268294215,3.0047480985850727,3.0047480985850727,3.0019667268294215,2.9980332731705785
2.9948606951252978,2.9963659626725132,3,3.0036340373274868,3.0051393048747022,3.0036340373274868,3,2.9963659626725132,2.9948606951252978,2.9963659626725132,3,3.0036340373274868,3.0051393048747022,3.0036340373274868,3,2.9963659626725132
2.9952519014149273,2.9980332731705785,3.0019667268294215,3.0047480985850727,3.0047480985850727,3.0019667268294215,2.9980332731705785,2.9952519014149273,2.9952519014149273,2.9980332731705785,3.0019667268294215,3.0047480985850727,3.0047480985850727,3.0019667268294215,2.9980332731705785,2.9952519014149273
2.9963659626725132,3,3.0036340373274868,3.0051393048747022,3.0036340373274868,3,2.9963659626725132,2.9948606951252978,2.9963659626725132,3,3.0036340373274868,3.0051393048747022,3.0036340373274868,3,2.9963659626725132,2.9948606951252978
2.9980332731705785,3.0019667268294215,3.0047480985850727,3.0047480985850727,3.0019667268294215,2.9980332731705785,2.9952519014149273,2.9952519014149273,2.9980332731705785,3.0019667268294215,3.0047480985850727,3.0047480985850727,3.0019667268294215,2.9980332731705785,2.9952519014149273,2.9952519014149273
