0.0001,0.0001,0.0001,0.0001,0.0001,0.0001,0.0001,0.0001,0.0001,0.0001,0.0001,0.0001,0.0001,0.0001,0.0001,0.0001
0.0001,0.0001,0.0001,0.0001,0.0001,0.0001,0.0001,0.0001,0.0001,0.0001,0.0001,0.0001,0.0001,0.0001,0.0001,0.0001
0.0001,0.0001,0.0001,0.0001,0.0001,0.80091949709138677,0.81252071005917159,0.0001,0.0001,0.98747928994082845,0.99908050290861328,0.0001,0.0001,0.0001,0.0001,0.0001
0.0001,0.0001,0.0001,0.90000000000000002,0.85228402366863909,0.0001,0.0001,0.0001,0.0001,0.0001,0.0001,0.94771597633136095,0.90000000000000002,0.0001,0.0001,0.0001
0.0001,0.0001,0.0001,0.94771597633136107,0.0001,0.0001,0.0001,0.0001,0.0001,0.0001,0.0001,0.0001,0.85228402366863909,0.0001,0.0001,0.0001
0.0001,0.0001,0.99908050290861328,0.0001,0.0001,0.0001,0.0001,0.0001,0.0001,0.0001,0.0001,0.0001,0.0001,0.80091949709138677,0.0001,0.0001
0.0001,0.0001,0.98747928994082845,0.0001,0.0001,0.0001,0.0001,0.0001,0.0001,0.0001,0.0001,0.0001,0.0001,0.81252071005917159,0.0001,0.0001
0.0001,0.0001,0.0001,0.0001,0.0001,0.0001,0.0001,0.0001,0.0001,0.0001,0.0001,0.0001,0.0001,0.0001,0.0001,0.0001
0.0001,0.0001,0.0001,0.0001,0.0001,0.0001,0.0001,0.0001,0.0001,0.0001,0.0001,0.0001,0.0001,0.0001,0.0001,0.0001
0.0001,0.0001,0.81252071005917159,0.0001,0.0001,0.0001,0.0001,0.0001,0.0001,0.0001,0.0001,0.0001,0.0001,0.98747928994082845,0.0001,0.0001
0.0001,0.0001,0.80091949709138677,0.0001,0.0001,0.0001,0.0001,0.0001,0.0001,0.0001,0.0001,0.0001,0.0001,0.99908050290861328,0.0001,0.0001
0.0001,0.0001,0.0001,0.85228402366863898,0.0001,0.0001,0.0001,0.0001,0.0001,0.0001,0.0001,0.0001,0.94771597633136095,0.0001,0.0001,0.0001
0.0001,0.0001,0.0001,0.90000000000000002,0.94771597633136095,0.0001,0.0001,0.0001,0.0001,0.0001,0.0001,0.85228402366863909,0.90000000000000002,0.0001,0.0001,0.0001
0.0001,0.0001,0.0001,0.0001,0.0001,0.99908050290861328,0.98747928994082845,0.0001,0.0001,0.81252071005917159,0.80091949709138677,0.0001,0.0001,0.0001,0.0001,0.0001
0.0001,0.0001,0.0001,0.0001,0.0001,0.0001,0.0001,0.0001,0.0001,0.0001,0.0001,0.0001,0.0001,0.0001,0.0001,0.0001
0.0001,0.0001,0.0001,0.0001,0.0001,0.0001,0.0001,0.0001,0.0001,0.0001,0.0001,0.0001,0.0001,0.0001,0.0001,0.0001
-3.0326482969010328e-06,-3.6928763961907456e-06,-4.8232106266244709e-06,-5.7859757902352556e-06,-6.6035816491101647e-06,-8.1505193745628918e-06,-6.9512422012384657e-06,-4.0102494674016767e-06,-5.4198051137693918e-06,-1.0811597240568003e-05,-1.2544029452237204e-05,-9.5297875634510659e-06,-7.1635923298572803e-06,-5.2580340439488406e-06,-3.7206002447186859e-06,-3.00492444837309e-06
-8.4402897798128998e-06,-1.0553729719959241e-05,-1.510964603420168e-05,-2.0366403128491053e-05,-2.2056189328122221e-05,-2.5401283669425002e-05,-2.0324112906890476e-05,-7.9563966927891755e-06,-9.3677552501455571e-06,-2.5282637290996596e-05,-3.0998463982087265e-05,-2.4739464463633066e-05,-2.1102342925669278e-05,-1.4969976378772272e-05,-1.0230852109536342e-05,-8.3006201243834894e-06
-1.1945242788089182e-05,-1.5024287829505995e-05,-2.2816733604222125e-05,-3.6153384373778212e-05,-2.9039781436453402e-05,-0.079106039682736606,-0.0095527776329580559,1.7067989402584538e-06,1.6070784841057319e-06,-0.013407488334369427,-0.10275394617274237,-2.9729533942376332e-05,-3.5167438726405896e-05,-2.1393969152899209e-05,-1.4038342182133685e-05,-1.1581295744367396e-05
-1.2631493620491423e-05,-1.6320378941493933e-05,-2.2400981705352215e-05,-0.22190349357873945,-0.03035300340205576,1.7898369751876642e-05,2.2611493713600067e-05,1.4095787222687465e-05,1.5278285284515299e-05,2.7075095144372636e-05,2.3114163440720467e-05,-0.0014742562865173753,-0.18571421227687546,-1.8995168715912243e-05,-1.4411864642977108e-05,-1.2048625421991708e-05
-9.9844993513448751e-06,-1.4853501826592233e-05,-1.9880620407762856e-05,0.095047244535085923,2.3868455508165989e-05,2.1003687624268826e-05,1.9569309906995731e-05,1.650537894847717e-05,1.7524220385455331e-05,2.240890974696649e-05,2.4902040939706801e-05,2.8046368237701432e-05,0.11870133500540772,-1.450794524514626e-05,-1.2349042935672514e-05,-9.473064704212312e-06
-4.6473427179796015e-06,-5.8769769947741652e-06,-0.051857428813964053,2.2494808134948807e-05,2.2040138471448662e-05,1.6857349644213855e-05,1.4679286139669831e-05,1.3505696671276331e-05,1.4030497237414337e-05,1.5948922347254885e-05,1.8569936054957996e-05,2.3309774679033724e-05,2.2869081656128251e-05,-0.022931053208920214,-4.9950032701079067e-06,-4.5951673176572345e-06
3.0257936206618431e-07,6.8351218906659157e-06,0.21658667753138539,1.8727051883093144e-05,1.4097409937802727e-05,1.1349231328841666e-05,9.5579711202590761e-06,8.7986444361705066e-06,8.9776553721985817e-06,1.0001549026707225e-05,1.1528242264869741e-05,1.3353201999644751e-05,1.6026550940661401e-05,0.13939430226990293,4.4428492692273986e-06,-2.8910244780190218e-07
1.3707387735292256e-06,7.0859495629298518e-06,1.8696979371736662e-05,1.0150497315841663e-05,5.7176714500514783e-06,4.2469665173523468e-06,3.2744457740729246e-06,3.0440619268156334e-06,3.0595455857203822e-06,3.2589621151681847e-06,3.6398613337808715e-06,3.9077510174236721e-06,5.6849508553212736e-06,1.1240959446508443e-05,2.902175860998302e-06,2.8460178976352781e-07
-2.8460178976352336e-07,-2.9021758609982974e-06,-1.124095944650844e-05,-5.6849508553212736e-06,-3.9077510174236704e-06,-3.6398613337808766e-06,-3.2589621151681826e-06,-3.0595455857203738e-06,-3.0440619268156334e-06,-3.2744457740729208e-06,-4.2469665173523426e-06,-5.7176714500514783e-06,-1.0150497315841665e-05,-1.8696979371736652e-05,-7.0859495629298476e-06,-1.3707387735292188e-06
2.8910244780189662e-07,-4.4428492692274003e-06,-0.13939430226990299,-1.6026550940661401e-05,-1.3353201999644742e-05,-1.1528242264869733e-05,-1.0001549026707216e-05,-8.9776553721985716e-06,-8.7986444361705049e-06,-9.5579711202590727e-06,-1.1349231328841661e-05,-1.4097409937802722e-05,-1.872705188309313e-05,-0.21658667753138536,-6.8351218906659157e-06,-3.0257936206618542e-07
4.5951673176572285e-06,4.9950032701079025e-06,0.022931053208920214,-2.2869081656128251e-05,-2.3309774679033717e-05,-1.8569936054957983e-05,-1.5948922347254878e-05,-1.4030497237414337e-05,-1.3505696671276332e-05,-1.4679286139669838e-05,-1.6857349644213865e-05,-2.2040138471448662e-05,-2.2494808134948797e-05,0.051857428813963991,5.8769769947741635e-06,4.6473427179796015e-06
9.4730647042123087e-06,1.2349042935672512e-05,1.4507945245146262e-05,-0.11870133500540761,-2.8046368237701432e-05,-2.4902040939706797e-05,-2.240890974696649e-05,-1.7524220385455335e-05,-1.650537894847718e-05,-1.9569309906995735e-05,-2.100368762426884e-05,-2.3868455508165996e-05,-0.095047244535085951,1.9880620407762856e-05,1.4853501826592237e-05,9.9844993513448768e-06
1.2048625421991708e-05,1.4411864642977108e-05,1.899516871591224e-05,0.18571421227687546,0.001474256286517333,-2.311416344072046e-05,-2.7075095144372643e-05,-1.5278285284515299e-05,-1.409578722268746e-05,-2.2611493713600067e-05,-1.7898369751876649e-05,0.030353003402055691,0.22190349357873931,2.2400981705352202e-05,1.6320378941493936e-05,1.2631493620491416e-05
1.1581295744367401e-05,1.4038342182133685e-05,2.1393969152899222e-05,3.5167438726405896e-05,2.9729533942376332e-05,0.10275394617274242,0.013407488334369406,-1.6070784841057306e-06,-1.7067989402584538e-06,0.0095527776329580386,0.079106039682736565,2.9039781436453395e-05,3.6153384373778185e-05,2.2816733604222108e-05,1.5024287829505993e-05,1.1945242788089175e-05
8.3006201243834911e-06,1.0230852109536345e-05,1.496997637877228e-05,2.1102342925669292e-05,2.4739464463633073e-05,3.0998463982087259e-05,2.5282637290996609e-05,9.367755250145552e-06,7.9563966927891739e-06,2.0324112906890469e-05,2.5401283669425009e-05,2.2056189328122224e-05,2.036640312849106e-05,1.510964603420169e-05,1.0553729719959235e-05,8.4402897798128998e-06
3.00492444837309e-06,3.720600244718688e-06,5.2580340439488321e-06,7.163592329857276e-06,9.5297875634510625e-06,1.2544029452237199e-05,1.0811597240567999e-05,5.419805113769385e-06,4.0102494674016793e-06,6.951242201238459e-06,8.1505193745628918e-06,6.6035816491101621e-06,5.7859757902352497e-06,4.8232106266244709e-06,3.6928763961907406e-06,3.0326482969010371e-06
0.00010009196955692697,0.00010013637336077543,0.00010023263360748785,0.00010033477515845189,0.00010043607290596464,0.00010066430966075126,0.0001004831976814028,0.00010016082100790796,0.0001002937428747124,0.00010116890634892258,0.00010157352674898595,0.00010090816851004507,0.0001005131705506839,0.00010027646922007325,0.00010013842866181,0.00010009029570940431
0.00010071238491567214,0.00010111381211001951,0.00010228301403278865,0.00010414790376392209,0.00010486475487677974,0.00010645225212054597,0.00010413069565452031,0.00010063304248333027,0.0001008775483842663,0.00010639211748388092,0.00010960904769248761,0.00010612041101947363,0.00010445308876952545,0.00010224100192781002,0.00010104670334887205,0.00010068900294449321
0.00010142688825266398,0.00010225729224783842,0.0001052060333236604,0.00011307067201678152,0.00010843308905876984,0.80873272368533577,0.81263302173243113,0.00010002913162622466,0.00010002582701254076,0.98766132995449496,1.0096485936914203,0.00010883845188430908,0.00011236748746575514,0.00010457701916115203,0.00010197075051222675,0.00010134126411118503
0.00010159554631084516,0.0001026635476879396,0.00010501803981363525,0.95471240051383299,0.85336500699102902,0.00010320351639774892,0.00010511279647960175,0.00010198691217427278,0.00010233426001235038,0.00010733060777076831,0.00010534264551564339,0.94771826966781691,0.93832196515735589,0.00010360816434545973,0.00010207701842487494,0.00010145169374559465
0.00010099690227297008,0.0001022062651651258,0.00010395239067797558,0.95724834564804517,0.000105697031683453,0.00010441154893817863,0.00010382957890236043,0.00010272427534232834,0.00010307098300118008,0.00010502159236047691,0.00010620111642962833,0.00010786598771324748,0.86881607934582505,0.00010210480475236162,0.00010152498861427085,0.00010089738954890193
0.00010021597794338358,0.00010034538858597105,1.0017721708126175,0.00010506016393028159,0.00010485767703840632,0.00010284170237027277,0.00010215481441570302,0.00010182403842576525,0.00010196854852729091,0.00010254368124038767,0.0001034484252508523,0.00010543345595587321,0.00010522994895794662,0.80157603398826593,0.0001002495005766839,0.00010021115562677265
0.0001000009155427035,0.0001004671889126026,1.0349838698970271,0.00010350702472232064,0.00010198736966954458,0.00010128805051755562,0.00010091354811935707,0.00010077416143914156,0.00010080598295981967,0.00010100030982933629,0.00010132900369717529,0.00010178308003643318,0.00010256850335053616,0.83643489620206757,0.00010019738909629075,0.00010000083580225326
0.00010001878924785257,0.00010050210681208386,0.00010349577037627147,0.0001010303259575891,0.00010032691766810733,0.00010018036724599514,0.00010010721995127343,0.0001000926631301429,0.00010009360819191102,0.00010010620834068103,0.00010013248590529154,0.00010015270518014176,0.00010032318666227419,0.00010126359169278047,0.00010008422624728162,0.00010000080998178738
0.00010000080998178738,0.00010008422624728162,0.00010126359169278047,0.00010032318666227419,0.00010015270518014176,0.00010013248590529154,0.00010010620834068103,0.00010009360819191102,0.0001000926631301429,0.00010010721995127343,0.00010018036724599514,0.00010032691766810733,0.0001010303259575891,0.00010349577037627147,0.00010050210681208386,0.00010001878924785257
0.00010000083580225326,0.00010019738909629075,0.83643489620206757,0.00010256850335053616,0.00010178308003643318,0.00010132900369717529,0.00010100030982933629,0.00010080598295981967,0.00010077416143914156,0.00010091354811935707,0.00010128805051755562,0.00010198736966954458,0.00010350702472232064,1.0349838698970271,0.0001004671889126026,0.0001000009155427035
0.00010021115562677265,0.0001002495005766839,0.80157603398826593,0.00010522994895794662,0.00010543345595587321,0.0001034484252508523,0.00010254368124038767,0.00010196854852729091,0.00010182403842576525,0.00010215481441570302,0.00010284170237027277,0.00010485767703840632,0.00010506016393028159,1.0017721708126175,0.00010034538858597105,0.00010021597794338358
0.00010089738954890193,0.00010152498861427085,0.00010210480475236162,0.86881607934582494,0.00010786598771324748,0.00010620111642962833,0.00010502159236047691,0.00010307098300118008,0.00010272427534232834,0.00010382957890236043,0.00010441154893817863,0.000105697031683453,0.95724834564804506,0.00010395239067797558,0.0001022062651651258,0.00010099690227297008
0.00010145169374559465,0.00010207701842487494,0.00010360816434545973,0.93832196515735589,0.94771826966781691,0.00010534264551564339,0.00010733060777076831,0.00010233426001235038,0.00010198691217427278,0.00010511279647960175,0.00010320351639774895,0.85336500699102902,0.95471240051383288,0.00010501803981363525,0.0001026635476879396,0.00010159554631084516
0.00010134126411118503,0.00010197075051222675,0.00010457701916115203,0.00011236748746575514,0.00010883845188430908,1.0096485936914203,0.98766132995449496,0.00010002582701254076,0.00010002913162622466,0.81263302173243113,0.80873272368533577,0.00010843308905876984,0.0001130706720167815,0.0001052060333236604,0.00010225729224783842,0.00010142688825266398
0.00010068900294449321,0.00010104670334887205,0.00010224100192781002,0.00010445308876952545,0.00010612041101947363,0.00010960904769248761,0.00010639211748388093,0.0001008775483842663,0.00010063304248333027,0.00010413069565452031,0.00010645225212054599,0.00010486475487677974,0.00010414790376392212,0.00010228301403278868,0.00010111381211001951,0.00010071238491567214
0.00010009029570940431,0.00010013842866181,0.00010027646922007325,0.0001005131705506839,0.00010090816851004507,0.00010157352674898595,0.00010116890634892258,0.0001002937428747124,0.00010016082100790796,0.0001004831976814028,0.00010066430966075126,0.00010043607290596464,0.00010033477515845189,0.00010023263360748785,0.00010013637336077543,0.00010009196955692697
-9.1007340039049105e-06,-1.1083665288223006e-05,-1.4480852288750864e-05,-1.7377297380325517e-05,-1.9839541377725518e-05,-2.4505702811295296e-05,-2.0887314844860471e-05,-1.2037197725818129e-05,-1.6275335632653173e-05,-3.2561169168268941e-05,-3.7829472015543242e-05,-2.8675909220078651e-05,-2.1527538435779719e-05,-1.5788638977559014e-05,-1.1166951111286122e-05,-9.017486662966992e-06
-2.5380996690669105e-05,-3.1778737879557355e-05,-4.5673893441870557e-05,-6.1943988187415386e-05,-6.724154753033825e-05,-7.7842805872481381e-05,-6.1811865969336164e-05,-2.3919557449575167e-05,-2.8185472335276342e-05,-7.7464007751653773e-05,-9.5974049134239157e-05,-7.5732550300090164e-05,-6.4246734839937551e-05,-4.5245406595557805e-05,-3.0799643000257688e-05,-2.4959051890218663e-05
-3.600617363036297e-05,-4.5412005572986352e-05,-6.9638047567472991e-05,-0.00011318564341579751,-8.9568294940368427e-05,-0.23808982383906055,-0.028659653343297245,5.1208940390630443e-06,4.8216505126788257e-06,-0.040224936649232393,-0.30934875096250347,-9.1816232380055251e-05,-0.00010985164475573305,-6.5161113526156786e-05,-4.2391687246863599e-05,-3.4899222996531586e-05
-3.8096022191940664e-05,-4.9395837900440943e-05,-6.8327035296676374e-05,-0.67920033942077251,-0.091097508042042266,5.4268486465561033e-05,6.8990560795374509e-05,4.2567432580449564e-05,4.6191490757515143e-05,8.3210054461714203e-05,7.0577398138705542e-05,-0.0044227724270404578,-0.56505034079962657,-5.7670883052704183e-05,-4.3534931012933997e-05,-3.6320785407656302e-05
-3.0053033755012862e-05,-4.488821311637813e-05,-6.0427621011008692e-05,0.28609774306386038,7.2965159997149051e-05,6.3937650831173251e-05,5.9457351884523036e-05,4.9965788814282733e-05,5.3110826985492657e-05,6.8352013340819306e-05,7.6250327371145326e-05,8.6345228592694023e-05,0.3584064969376588,-4.3829199656428641e-05,-3.7235450305757965e-05,-2.8504204405253256e-05
-1.395206538916308e-05,-1.765122939206259e-05,-0.15571199788287851,6.862269857227714e-05,6.7191054160106509e-05,5.105108463704635e-05,4.4354169792869396e-05,4.0763439110780366e-05,4.2367688858981721e-05,4.825245678755577e-05,5.6350178528860289e-05,7.1195850377699761e-05,6.9803286266151391e-05,-0.068811956874886865,-1.4997472372288021e-05,-1.3795204907322554e-05
9.0774085644182433e-07,2.053729860363381e-05,0.66017934897379749,5.6837917988581321e-05,4.2572397462703434e-05,3.4193877819394725e-05,2.8761230026195047e-05,2.6464049020903526e-05,2.7005324489087001e-05,3.0104693558121709e-05,3.4737937560528667e-05,4.0297704278014519e-05,4.8491295319870474e-05,0.42228557305620829,1.3337317507704283e-05,-8.6730975973047939e-07
4.1124738720932466e-06,2.1293427724245854e-05,5.6744541581344737e-05,3.055607515619449e-05,1.7171706428328983e-05,1.2748559688602724e-05,9.8268481813822108e-06,9.1350065035117758e-06,9.1815007424646328e-06,9.7803476350904981e-06,1.0924406304582029e-05,1.1729220390501665e-05,1.707322556888506e-05,3.3864918169280237e-05,8.7089719768121368e-06,8.5380767451324699e-07
-8.5380767451323386e-07,-8.7089719768121233e-06,-3.3864918169280223e-05,-1.707322556888506e-05,-1.1729220390501661e-05,-1.0924406304582045e-05,-9.7803476350904914e-06,-9.1815007424646074e-06,-9.1350065035117758e-06,-9.8268481813821972e-06,-1.2748559688602712e-05,-1.7171706428328983e-05,-3.055607515619449e-05,-5.674454158134471e-05,-2.1293427724245837e-05,-4.1124738720932254e-06
8.6730975973046277e-07,-1.333731750770429e-05,-0.42228557305620845,-4.8491295319870474e-05,-4.0297704278014492e-05,-3.4737937560528647e-05,-3.0104693558121689e-05,-2.7005324489086971e-05,-2.6464049020903513e-05,-2.8761230026195036e-05,-3.4193877819394718e-05,-4.2572397462703421e-05,-5.683791798858128e-05,-0.66017934897379749,-2.053729860363381e-05,-9.0774085644182783e-07
1.3795204907322537e-05,1.4997472372288007e-05,0.068811956874886865,-6.9803286266151391e-05,-7.1195850377699733e-05,-5.6350178528860241e-05,-4.8252456787555743e-05,-4.2367688858981721e-05,-4.0763439110780373e-05,-4.4354169792869417e-05,-5.1051084637046398e-05,-6.7191054160106509e-05,-6.8622698572277127e-05,0.15571199788287834,1.7651229392062583e-05,1.395206538916308e-05
2.8504204405253242e-05,3.7235450305757965e-05,4.3829199656428648e-05,-0.35840649693765847,-8.6345228592694023e-05,-7.6250327371145326e-05,-6.8352013340819306e-05,-5.3110826985492671e-05,-4.9965788814282753e-05,-5.9457351884523036e-05,-6.3937650831173305e-05,-7.2965159997149078e-05,-0.28609774306386049,6.0427621011008692e-05,4.4888213116378136e-05,3.0053033755012865e-05
3.6320785407656302e-05,4.3534931012933997e-05,5.7670883052704183e-05,0.56505034079962657,0.0044227724270403312,-7.0577398138705502e-05,-8.3210054461714216e-05,-4.6191490757515143e-05,-4.2567432580449543e-05,-6.8990560795374509e-05,-5.4268486465561054e-05,0.091097508042042058,0.67920033942077207,6.8327035296676319e-05,4.939583790044095e-05,3.8096022191940637e-05
3.4899222996531599e-05,4.2391687246863599e-05,6.5161113526156827e-05,0.00010985164475573305,9.1816232380055251e-05,0.30934875096250358,0.040224936649232337,-4.8216505126788215e-06,-5.1208940390630443e-06,0.028659653343297189,0.23808982383906035,8.9568294940368414e-05,0.00011318564341579743,6.963804756747295e-05,4.5412005572986352e-05,3.6006173630362963e-05
2.4959051890218674e-05,3.0799643000257701e-05,4.5245406595557832e-05,6.4246734839937592e-05,7.5732550300090191e-05,9.597404913423913e-05,7.7464007751653827e-05,2.8185472335276332e-05,2.3919557449575161e-05,6.1811865969336137e-05,7.7842805872481408e-05,6.7241547530338277e-05,6.19439881874154e-05,4.5673893441870598e-05,3.1778737879557334e-05,2.5380996690669105e-05
9.017486662966992e-06,1.1166951111286129e-05,1.5788638977558987e-05,2.1527538435779702e-05,2.8675909220078634e-05,3.7829472015543228e-05,3.2561169168268927e-05,1.6275335632653149e-05,1.2037197725818135e-05,2.0887314844860454e-05,2.4505702811295296e-05,1.9839541377725507e-05,1.73772973803255e-05,1.4480852288750864e-05,1.108366528822299e-05,9.100734003904924e-06
0.00030055190192555581,0.0003008184261415879,0.0003013963428288803,0.0003020097716947785,0.00030261833903158107,0.00030399027103776121,0.00030290152088840983,0.00030096518468141354,0.00030176332009703891,0.00030702710151406096,0.00030946592035821339,0.00030545725876069682,0.00030308165674424429,0.00030165957967273599,0.00030083076359580419,0.0003005418557895772
0.00030427938441671365,0.00030669527843428133,0.00031375020572747109,0.00032505947363988018,0.0003294251876607899,0.00033912982829754673,0.00032495480039302466,0.00030380226232783864,0.00030527299121726505,0.0003387612965625629,0.00035857762413049068,0.00033709706042731475,0.00032691683261304542,0.00031349623246326448,0.00030629117597223769,0.00030413876491753439
0.00030858168961683975,0.00031359470716995204,0.00033150722777163297,0.00038013245677039179,0.00035130970426335044,2.4497140713694185,2.4382360157414906,0.00030017479824386451,0.00030015496874559032,2.9635301434632306,3.0607618407536017,0.00035381189362296685,0.0003757344722566869,0.00032767160601092772,0.00031186334164917489,0.00030806557456126965
0.00030959873554537148,0.00031605223099049685,0.00033036004611752378,3.0316004550496491,2.5633393419913513,0.00031932372355960003,0.0003309381857560288,0.00031196095124551949,0.00031406004777215479,0.00034452102472749835,0.00033234131170491854,2.843161689018368,2.9315635387369379,0.00032177917457219677,0.00031250525060462237,0.00030873123662087786
0.00030599135177923891,0.00031328626705054321,0.00032387055798856689,2.9004380238991421,0.00033450675180074062,0.00032666391126941126,0.00032312413015985652,0.00031641986881537817,0.00031852020737301587,0.00033038171806120938,0.00033759123702750812,0.00034781466390653446,2.6563650832201229,0.00031267313054462537,0.00030917318758836155,0.00030539239037343635
0.00030129633412502175,0.00030207352444857949,3.0133987678939271,0.0003306170361717028,0.00032938203249253245,0.0003171309669452488,0.00031297531874587941,0.00031097750171637817,0.00031185004299678849,0.00031532679058485295,0.00032080946787222092,0.00033289596017148349,0.00033165321740870698,2.4066982508377346,0.00030149762596548102,0.00030126737962762309
0.0003000054932646031,0.00030280531613041618,3.24975064823865,0.00032116514055795345,0.00031196371439930182,0.00030774489384669147,0.0003054896344178062,0.00030465096189418784,0.00030484239384423315,0.00030601186517356438,0.00030799168469132282,0.00031073027396276225,0.00031547699219783407,2.5817510916160775,0.00030118472420229782,0.00030000501482050517
0.00030011273901747374,0.00030301516198501054,0.00032109682636286495,0.00030619257146132336,0.00030196257476026122,0.00030108252879940502,0.00030064343466882016,0.00030055606464541418,0.00030056173677640201,0.00030063736284620239,0.00030079509095690024,0.00030091646426957101,0.0003019401644698318,0.00030759751679634352,0.00030050542842429703,0.00030000485989728492
0.00030000485989728492,0.00030050542842429703,0.00030759751679634352,0.0003019401644698318,0.00030091646426957101,0.00030079509095690024,0.00030063736284620239,0.00030056173677640201,0.00030055606464541418,0.00030064343466882016,0.00030108252879940502,0.00030196257476026122,0.00030619257146132336,0.0003210968263628649,0.00030301516198501054,0.00030011273901747374
0.00030000501482050517,0.00030118472420229782,2.5817510916160775,0.00031547699219783407,0.00031073027396276225,0.00030799168469132282,0.00030601186517356432,0.00030484239384423315,0.00030465096189418779,0.0003054896344178062,0.00030774489384669147,0.00031196371439930182,0.0003211651405579534,3.24975064823865,0.00030280531613041618,0.0003000054932646031
0.00030126737962762309,0.00030149762596548096,2.4066982508377346,0.00033165321740870698,0.00033289596017148344,0.00032080946787222086,0.00031532679058485295,0.00031185004299678849,0.00031097750171637817,0.00031297531874587941,0.0003171309669452488,0.00032938203249253245,0.00033061703617170274,3.0133987678939271,0.00030207352444857949,0.00030129633412502175
0.00030539239037343635,0.00030917318758836155,0.00031267313054462537,2.6563650832201229,0.00034781466390653446,0.00033759123702750807,0.00033038171806120938,0.00031852020737301587,0.00031641986881537817,0.00032312413015985652,0.00032666391126941132,0.00033450675180074068,2.9004380238991416,0.00032387055798856689,0.00031328626705054321,0.00030599135177923891
0.00030873123662087786,0.00031250525060462237,0.00032177917457219677,2.9315635387369379,2.843161689018368,0.00033234131170491854,0.00034452102472749835,0.00031406004777215479,0.00031196095124551949,0.0003309381857560288,0.00031932372355960003,2.5633393419913513,3.0316004550496487,0.00033036004611752373,0.00031605223099049685,0.00030959873554537148
0.00030806557456126965,0.00031186334164917489,0.00032767160601092777,0.0003757344722566869,0.00035381189362296685,3.0607618407536017,2.9635301434632306,0.00030015496874559032,0.00030017479824386451,2.4382360157414906,2.4497140713694185,0.00035130970426335039,0.00038013245677039173,0.00033150722777163297,0.00031359470716995204,0.0003085816896168397
0.00030413876491753439,0.00030629117597223769,0.00031349623246326453,0.00032691683261304542,0.00033709706042731481,0.00035857762413049068,0.00033876129656256295,0.00030527299121726505,0.00030380226232783864,0.00032495480039302466,0.00033912982829754673,0.0003294251876607899,0.00032505947363988024,0.00031375020572747115,0.00030669527843428133,0.00030427938441671365
0.0003005418557895772,0.00030083076359580419,0.00030165957967273599,0.00030308165674424429,0.00030545725876069682,0.00030946592035821339,0.00030702710151406096,0.00030176332009703891,0.00030096518468141354,0.00030290152088840983,0.00030399027103776121,0.00030261833903158107,0.00030200977169477845,0.0003013963428288803,0.0003008184261415879,0.00030055190192555581
3.0049244483730943e-06,8.3006201243834928e-06,1.1581295744367401e-05,1.2048625421991703e-05,9.4730647042123053e-06,4.5951673176572319e-06,2.891024478018989e-07,-2.8460178976352781e-07,1.3707387735292277e-06,3.0257936206618765e-07,-4.6473427179796023e-06,-9.9844993513448751e-06,-1.2631493620491416e-05,-1.194524278808918e-05,-8.4402897798129083e-06,-3.0326482969010328e-06
3.7206002447186838e-06,1.0230852109536342e-05,1.4038342182133685e-05,1.441186464297711e-05,1.2349042935672517e-05,4.995003270107905e-06,-4.4428492692274003e-06,-2.9021758609982999e-06,7.0859495629298527e-06,6.8351218906659157e-06,-5.8769769947741678e-06,-1.4853501826592233e-05,-1.6320378941493933e-05,-1.5024287829505995e-05,-1.0553729719959241e-05,-3.6928763961907473e-06
5.2580340439488449e-06,1.4969976378772272e-05,2.1393969152899212e-05,1.8995168715912243e-05,1.4507945245146256e-05,0.022931053208920266,-0.13939430226990293,-1.1240959446508443e-05,1.8696979371736652e-05,0.21658667753138539,-0.051857428813963963,-1.9880620407762859e-05,-2.2400981705352215e-05,-2.2816733604222118e-05,-1.510964603420169e-05,-4.8232106266244751e-06
7.1635923298572837e-06,2.1102342925669282e-05,3.5167438726405896e-05,0.18571421227687551,-0.11870133500540772,-2.2869081656128251e-05,-1.6026550940661398e-05,-5.6849508553212761e-06,1.0150497315841668e-05,1.8727051883093134e-05,2.2494808134948803e-05,0.095047244535085992,-0.22190349357873942,-3.6153384373778212e-05,-2.0366403128491056e-05,-5.7859757902352505e-06
9.5297875634510693e-06,2.4739464463633066e-05,2.9729533942376332e-05,0.0014742562865173333,-2.8046368237701439e-05,-2.3309774679033717e-05,-1.3353201999644751e-05,-3.9077510174236746e-06,5.71767145005148e-06,1.4097409937802725e-05,2.2040138471448672e-05,2.3868455508165989e-05,-0.030353003402055784,-2.9039781436453395e-05,-2.2056189328122224e-05,-6.6035816491101604e-06
1.2544029452237204e-05,3.0998463982087265e-05,0.10275394617274247,-2.311416344072046e-05,-2.4902040939706804e-05,-1.8569936054957993e-05,-1.1528242264869741e-05,-3.6398613337808787e-06,4.2469665173523468e-06,1.1349231328841666e-05,1.6857349644213858e-05,2.100368762426883e-05,1.7898369751876646e-05,-0.079106039682736606,-2.5401283669425002e-05,-8.1505193745628901e-06
1.0811597240567999e-05,2.5282637290996613e-05,0.013407488334369449,-2.7075095144372643e-05,-2.2408909746966487e-05,-1.5948922347254885e-05,-1.0001549026707225e-05,-3.2589621151681809e-06,3.2744457740729246e-06,9.5579711202590676e-06,1.4679286139669829e-05,1.9569309906995731e-05,2.2611493713600067e-05,-0.0095527776329579744,-2.0324112906890469e-05,-6.9512422012384657e-06
5.4198051137693867e-06,9.3677552501455554e-06,-1.6070784841057329e-06,-1.5278285284515292e-05,-1.7524220385455328e-05,-1.4030497237414342e-05,-8.9776553721985817e-06,-3.0595455857203822e-06,3.0440619268156287e-06,8.7986444361705066e-06,1.3505696671276331e-05,1.6505378948477173e-05,1.4095787222687468e-05,1.7067989402584563e-06,-7.9563966927891722e-06,-4.0102494674016742e-06
4.0102494674016767e-06,7.9563966927891772e-06,-1.70679894025845e-06,-1.4095787222687461e-05,-1.650537894847717e-05,-1.3505696671276332e-05,-8.7986444361705117e-06,-3.044061926815638e-06,3.0595455857203738e-06,8.9776553721985783e-06,1.4030497237414342e-05,1.7524220385455331e-05,1.5278285284515292e-05,1.6070784841057376e-06,-9.3677552501455537e-06,-5.4198051137693901e-06
6.9512422012384657e-06,2.0324112906890469e-05,0.0095527776329580472,-2.261149371360006e-05,-1.9569309906995725e-05,-1.4679286139669829e-05,-9.5579711202590829e-06,-3.2744457740729318e-06,3.2589621151681758e-06,1.0001549026707216e-05,1.5948922347254888e-05,2.2408909746966494e-05,2.7075095144372636e-05,-0.013407488334369439,-2.5282637290996602e-05,-1.0811597240567999e-05
8.1505193745628918e-06,2.5401283669425009e-05,0.079106039682736648,-1.7898369751876653e-05,-2.100368762426884e-05,-1.6857349644213862e-05,-1.1349231328841673e-05,-4.2469665173523485e-06,3.6398613337808736e-06,1.1528242264869734e-05,1.856993605495799e-05,2.4902040939706801e-05,2.311416344072046e-05,-0.10275394617274229,-3.0998463982087259e-05,-1.2544029452237202e-05
6.6035816491101664e-06,2.2056189328122221e-05,2.9039781436453395e-05,0.030353003402055739,-2.3868455508165996e-05,-2.2040138471448665e-05,-1.4097409937802727e-05,-5.7176714500514758e-06,3.9077510174236763e-06,1.3353201999644742e-05,2.3309774679033717e-05,2.8046368237701425e-05,-0.0014742562865173541,-2.9729533942376325e-05,-2.4739464463633059e-05,-9.5297875634510625e-06
5.7859757902352573e-06,2.0366403128491056e-05,3.6153384373778199e-05,0.22190349357873934,-0.095047244535085951,-2.2494808134948803e-05,-1.8727051883093137e-05,-1.015049731584166e-05,5.6849508553212753e-06,1.6026550940661394e-05,2.2869081656128251e-05,0.11870133500540762,-0.18571421227687557,-3.516743872640589e-05,-2.1102342925669278e-05,-7.1635923298572743e-06
4.8232106266244751e-06,1.510964603420169e-05,2.2816733604222118e-05,2.2400981705352209e-05,1.9880620407762845e-05,0.051857428813963963,-0.21658667753138536,-1.8696979371736655e-05,1.1240959446508443e-05,0.13939430226990299,-0.022931053208920193,-1.4507945245146256e-05,-1.899516871591224e-05,-2.1393969152899222e-05,-1.4969976378772282e-05,-5.2580340439488381e-06
3.6928763961907456e-06,1.0553729719959235e-05,1.502428782950599e-05,1.6320378941493933e-05,1.4853501826592232e-05,5.8769769947741695e-06,-6.8351218906659157e-06,-7.0859495629298484e-06,2.902175860998302e-06,4.4428492692274003e-06,-4.9950032701079e-06,-1.2349042935672517e-05,-1.4411864642977108e-05,-1.4038342182133687e-05,-1.0230852109536342e-05,-3.7206002447186838e-06
3.0326482969010286e-06,8.4402897798129049e-06,1.1945242788089177e-05,1.2631493620491416e-05,9.9844993513448802e-06,4.647342717979604e-06,-3.0257936206618542e-07,-1.3707387735292256e-06,2.8460178976352781e-07,-2.8910244780189779e-07,-4.5951673176572319e-06,-9.473064704212307e-06,-1.2048625421991706e-05,-1.1581295744367401e-05,-8.3006201243834894e-06,-3.0049244483730943e-06
-9.1128790106749393e-08,-3.0653164131081689e-07,-5.5859028704313606e-07,-6.9713054997257025e-07,-6.2556156241569592e-07,-3.745300025192346e-07,-2.0096211356419001e-08,1.1413241758207512e-08,-7.4291370144156927e-08,-3.2713661959676205e-08,5.8296403928976231e-07,9.5150157745731628e-07,9.0486870814393472e-07,6.2808493243007266e-07,3.140294422026853e-07,9.112879010674926e-08
-3.1402944220268482e-07,-1.0797364796892139e-06,-2.1211438127904236e-06,-2.9351784515211859e-06,-2.7237282901030324e-06,-1.2687949499371641e-06,9.0296970176073518e-07,2.3090862422339449e-07,-6.6379441220402743e-07,-1.7280990760145724e-06,1.8217725969606251e-06,3.6746768059948743e-06,3.443982331002763e-06,2.2491323391558044e-06,1.0797364796892139e-06,3.0653164131081689e-07
-6.280849324300733e-07,-2.2491323391558044e-06,-4.8814049489864699e-06,-6.8673963583114229e-06,-4.2130755901108064e-06,-0.0022648778206791629,0.0016388539472289259,-1.9186057670788867e-07,3.0047513266086683e-07,-0.0029407030425477464,0.0053334595495497126,5.9104157920808551e-06,7.8778515153431347e-06,4.8814049489864674e-06,2.1211438127904253e-06,5.5859028704313627e-07
-9.0486870814393557e-07,-3.4439823310027638e-06,-7.8778515153431347e-06,-0.045789591679402553,0.0042273959445337378,-4.0931927936724294e-06,-3.623842558454564e-06,-8.0133857628043823e-07,1.5508219377113576e-06,5.0703671150834929e-06,5.1994867179885492e-06,-0.00014785442186426916,0.045789591679402539,6.8673963583114229e-06,2.9351784515211859e-06,6.9713054997257004e-07
-9.515015774573165e-07,-3.6746768059948743e-06,-5.9104157920808543e-06,0.00014785442186426482,-6.6942349244721644e-06,-4.8959122595051523e-06,-2.6131294818176321e-06,-6.4498911378874963e-07,1.0019773458232809e-06,3.1590758696220974e-06,5.4884443053282167e-06,6.6942349244721635e-06,-0.0042273959445337413,4.2130755901108064e-06,2.7237282901030324e-06,6.2556156241569592e-07
-5.829640392897621e-07,-1.8217725969606241e-06,-0.0053334595495497265,-5.1994867179885484e-06,-5.4884443053282159e-06,-3.1303990494912011e-06,-1.6922636689345833e-06,-4.9158863099551828e-07,5.9587051989103279e-07,1.8100800916472809e-06,3.1303990494912028e-06,4.8959122595051557e-06,4.0931927936724294e-06,0.0022648778206791577,1.2687949499371645e-06,3.745300025192347e-07
3.2713661959675828e-08,1.7280990760145735e-06,0.0029407030425477512,-5.0703671150834971e-06,-3.1590758696220974e-06,-1.8100800916472809e-06,-9.5594516755122921e-07,-2.8674448882314981e-07,2.9396845694578734e-07,9.5594516755122837e-07,1.6922636689345829e-06,2.6131294818176321e-06,3.6238425584545648e-06,-0.0016388539472289123,-9.0296970176073466e-07,2.009621135641923e-08
7.4291370144156728e-08,6.6379441220402722e-07,-3.0047513266086709e-07,-1.5508219377113566e-06,-1.0019773458232804e-06,-5.95870519891033e-07,-2.9396845694578734e-07,-9.3134462308482531e-08,9.3134462308482385e-08,2.8674448882315013e-07,4.9158863099551743e-07,6.4498911378874932e-07,8.0133857628043792e-07,1.9186057670788894e-07,-2.3090862422339457e-07,-1.1413241758207506e-08
-1.1413241758207335e-08,-2.3090862422339433e-07,1.9186057670788817e-07,8.013385762804377e-07,6.4498911378874889e-07,4.9158863099551806e-07,2.8674448882315007e-07,9.3134462308482399e-08,-9.3134462308482253e-08,-2.9396845694578687e-07,-5.9587051989103237e-07,-1.0019773458232806e-06,-1.5508219377113568e-06,-3.0047513266086778e-07,6.6379441220402658e-07,7.429137014415641e-08
2.0096211356418846e-08,-9.0296970176073497e-07,-0.0016388539472289253,3.6238425584545636e-06,2.61312948181763e-06,1.6922636689345819e-06,9.55945167551229e-07,2.9396845694578766e-07,-2.8674448882314928e-07,-9.5594516755122794e-07,-1.8100800916472805e-06,-3.1590758696220974e-06,-5.0703671150834921e-06,0.002940703042547749,1.7280990760145728e-06,3.2713661959675953e-08
3.7453000251923433e-07,1.2687949499371636e-06,0.002264877820679159,4.0931927936724311e-06,4.8959122595051557e-06,3.1303990494912011e-06,1.8100800916472811e-06,5.9587051989103311e-07,-4.9158863099551775e-07,-1.6922636689345829e-06,-3.1303990494912028e-06,-5.4884443053282142e-06,-5.1994867179885467e-06,-0.0053334595495497109,-1.821772596960623e-06,-5.829640392897621e-07
6.2556156241569624e-07,2.7237282901030316e-06,4.2130755901108073e-06,-0.0042273959445337317,6.6942349244721644e-06,5.4884443053282142e-06,3.1590758696220983e-06,1.0019773458232804e-06,-6.4498911378875027e-07,-2.6131294818176309e-06,-4.8959122595051557e-06,-6.6942349244721644e-06,0.00014785442186426696,-5.9104157920808526e-06,-3.6746768059948734e-06,-9.5150157745731597e-07
6.9713054997257078e-07,2.9351784515211859e-06,6.8673963583114204e-06,0.045789591679402518,-0.00014785442186426485,5.1994867179885475e-06,5.0703671150834946e-06,1.5508219377113566e-06,-8.013385762804377e-07,-3.6238425584545636e-06,-4.0931927936724303e-06,0.0042273959445337248,-0.045789591679402539,-7.8778515153431279e-06,-3.4439823310027638e-06,-9.0486870814393398e-07
5.5859028704313659e-07,2.1211438127904253e-06,4.8814049489864708e-06,7.877851515343133e-06,5.9104157920808509e-06,0.0053334595495497144,-0.0029407030425477416,3.0047513266086662e-07,-1.9186057670788867e-07,0.0016388539472289236,-0.0022648778206791546,-4.2130755901108056e-06,-6.8673963583114178e-06,-4.8814049489864691e-06,-2.2491323391558057e-06,-6.2808493243007213e-07
3.0653164131081684e-07,1.0797364796892137e-06,2.2491323391558052e-06,3.4439823310027651e-06,3.6746768059948743e-06,1.8217725969606247e-06,-1.728099076014573e-06,-6.6379441220402658e-07,2.3090862422339462e-07,9.0296970176073497e-07,-1.268794949937163e-06,-2.7237282901030333e-06,-2.9351784515211863e-06,-2.1211438127904257e-06,-1.079736479689213e-06,-3.1402944220268482e-07
9.1128790106749141e-08,3.1402944220268535e-07,6.280849324300715e-07,9.0486870814393419e-07,9.5150157745731628e-07,5.829640392897622e-07,-3.2713661959675953e-08,-7.4291370144156702e-08,1.141324175820752e-08,-2.0096211356418905e-08,-3.745300025192346e-07,-6.2556156241569571e-07,-6.9713054997256982e-07,-5.5859028704313606e-07,-3.0653164131081636e-07,-9.1128790106749512e-08
3.0076880640742529e-06,8.3119399590123165e-06,1.1608237730451359e-05,1.2088961226839449e-05,9.5143741727518754e-06,4.6256934580761138e-06,2.9049938412655636e-07,-2.8505948923034959e-07,1.3747652210073898e-06,3.0611623143990871e-07,-4.7204698987640616e-06,-1.0075175430339444e-05,-1.2696314725863292e-05,-1.1978267707661265e-05,-8.4519735600079887e-06,-3.0353866481944572e-06
3.7471052396345206e-06,1.0344804579290544e-05,1.4358839504122687e-05,1.5009654918954515e-05,1.2949793604121269e-05,5.3172934745247824e-06,-4.6263698509282634e-06,-2.920547867139375e-06,7.1481321988292685e-06,7.2720309120837439e-06,-6.4416985170785429e-06,-1.5762597189164703e-05,-1.7047139903281595e-05,-1.5360982409404947e-05,-1.0664195962368958e-05,-3.718320423296997e-06
5.3330603140430238e-06,1.530789249507354e-05,2.2507746316252769e-05,2.1477964917803419e-05,1.5731413188267003e-05,0.023154752988248716,-0.13941357021856807,-1.1244234120798467e-05,1.8701808242943733e-05,0.21662660489202926,-0.052405967208891548,-2.1637759476805111e-05,-2.5171420309967752e-05,-2.3861059873236378e-05,-1.5407419460816369e-05,-4.8879026197662511e-06
7.2778907630003082e-06,2.1664413892767032e-05,3.6932154803132727e-05,0.1970040682359904,-0.11885188829506571,-2.3601696436996912e-05,-1.6845955872957114e-05,-5.7979058359670796e-06,1.0387436315740057e-05,2.0099858603670972e-05,2.3696625993023227e-05,0.095047474535757473,-0.23135213574453942,-3.7457857898429885e-05,-2.0789417073954119e-05,-5.8699704389037158e-06
9.6247902322803314e-06,2.5285282650132875e-05,3.0904561270520391e-05,0.0014890847327411973,-2.9644178722261186e-05,-2.4338096796378458e-05,-1.3864573406212716e-05,-4.0142089148309321e-06,5.8932601683458879e-06,1.4805324398264539e-05,2.3406873119314508e-05,2.5745945285780267e-05,-0.030941771381129971,-2.9651012136203292e-05,-2.239254370411811e-05,-6.66284150068248e-06
1.2571121789065576e-05,3.1105529138507737e-05,0.10303078021976644,-2.4283778001934131e-05,-2.6111701664529482e-05,-1.9097638367989871e-05,-1.1776654491070322e-05,-3.706253803153613e-06,4.3305701141842241e-06,1.163791959708161e-05,1.7438662745969386e-05,2.2144913740442671e-05,1.8834445354204351e-05,-0.079170885193435639,-2.5464660018665331e-05,-8.1677296548334761e-06
1.0811696225357667e-05,2.5400754969233682e-05,0.014052481204680703,-2.8024625424677625e-05,-2.2854257622553317e-05,-1.6154352524093245e-05,-1.0092917989747283e-05,-3.284191743180045e-06,3.3008372490404879e-06,9.6535804448601425e-06,1.4874374395184978e-05,1.9918246365215109e-05,2.3192270687240154e-05,-0.009833935884886855,-2.0364230489686494e-05,-6.9513002998774128e-06
5.4208234543853394e-06,9.4147913873958789e-06,-1.6632582576765338e-06,-1.5435701423676168e-05,-1.7581510158093446e-05,-1.405580365888089e-05,-8.9872812099141504e-06,-3.0623806564282592e-06,3.0469114181459731e-06,8.8079893304285871e-06,1.35235898157772e-05,1.6530583517133527e-05,1.4141342926933739e-05,1.7283659098800274e-06,-7.963098067142348e-06,-4.0102819496919887e-06
4.0102819496919904e-06,7.9630980671423514e-06,-1.7283659098800208e-06,-1.4141342926933734e-05,-1.6530583517133524e-05,-1.3523589815777201e-05,-8.8079893304285905e-06,-3.046911418145982e-06,3.0623806564282508e-06,8.987281209914147e-06,1.405580365888089e-05,1.758151015809345e-05,1.5435701423676168e-05,1.6632582576765382e-06,-9.4147913873958755e-06,-5.4208234543853428e-06
6.9513002998774128e-06,2.0364230489686494e-05,0.0098339358848869313,-2.3192270687240151e-05,-1.9918246365215105e-05,-1.4874374395184978e-05,-9.6535804448601577e-06,-3.3008372490404947e-06,3.2841917431800394e-06,1.0092917989747275e-05,1.6154352524093248e-05,2.2854257622553327e-05,2.8024625424677615e-05,-0.014052481204680693,-2.5400754969233669e-05,-1.0811696225357667e-05
8.1677296548334761e-06,2.5464660018665338e-05,0.079170885193435694,-1.8834445354204357e-05,-2.2144913740442681e-05,-1.7438662745969393e-05,-1.1637919597081618e-05,-4.3305701141842266e-06,3.706253803153608e-06,1.1776654491070315e-05,1.9097638367989868e-05,2.6111701664529476e-05,2.4283778001934131e-05,-0.10303078021976626,-3.110552913850773e-05,-1.2571121789065573e-05
6.662841500682486e-06,2.2392543704118103e-05,2.9651012136203292e-05,0.030941771381129926,-2.574594528578027e-05,-2.3406873119314502e-05,-1.4805324398264542e-05,-5.8932601683458828e-06,4.0142089148309338e-06,1.3864573406212707e-05,2.4338096796378458e-05,2.9644178722261172e-05,-0.0014890847327412183,-3.0904561270520391e-05,-2.5285282650132868e-05,-9.6247902322803246e-06
5.8699704389037226e-06,2.0789417073954119e-05,3.7457857898429871e-05,0.23135213574453931,-0.095047474535757431,-2.3696625993023227e-05,-2.0099858603670975e-05,-1.0387436315740051e-05,5.7979058359670779e-06,1.684595587295711e-05,2.3601696436996915e-05,0.11885188829506561,-0.19700406823599043,-3.6932154803132713e-05,-2.1664413892767029e-05,-7.2778907630002989e-06
4.8879026197662511e-06,1.5407419460816369e-05,2.3861059873236378e-05,2.5171420309967742e-05,2.1637759476805094e-05,0.052405967208891548,-0.21662660489202923,-1.8701808242943736e-05,1.1244234120798467e-05,0.13941357021856812,-0.023154752988248643,-1.5731413188267003e-05,-2.1477964917803416e-05,-2.2507746316252782e-05,-1.530789249507355e-05,-5.3330603140430171e-06
3.7183204232969949e-06,1.0664195962368953e-05,1.5360982409404944e-05,1.7047139903281595e-05,1.5762597189164699e-05,6.4416985170785438e-06,-7.2720309120837448e-06,-7.1481321988292642e-06,2.9205478671393771e-06,4.6263698509282634e-06,-5.317293474524779e-06,-1.2949793604121269e-05,-1.5009654918954515e-05,-1.4358839504122693e-05,-1.0344804579290544e-05,-3.7471052396345206e-06
3.035386648194453e-06,8.4519735600079853e-06,1.1978267707661263e-05,1.2696314725863292e-05,1.0075175430339447e-05,4.7204698987640633e-06,-3.0611623143990649e-07,-1.3747652210073877e-06,2.8505948923034959e-07,-2.9049938412655525e-07,-4.6256934580761138e-06,-9.5143741727518754e-06,-1.2088961226839452e-05,-1.1608237730451357e-05,-8.3119399590123131e-06,-3.0076880640742529e-06
-2.7347018106474222e-07,-9.2001295143354635e-07,-1.6770703298652334e-06,-2.093725469820998e-06,-1.8794125917309117e-06,-1.1260780465468507e-06,-6.0385738496581031e-08,3.4258080165053059e-08,-2.2309233603879546e-07,-9.8523377950640329e-08,1.7580652129644804e-06,2.8631459700709986e-06,2.719249644164353e-06,1.8859912588043055e-06,9.4252303336258652e-07,2.7346865570774623e-07
-9.4432542498507582e-07,-3.251235674734718e-06,-6.4118574492729052e-06,-8.9272837320320347e-06,-8.3036875751321127e-06,-3.8882506988741933e-06,2.7462080355144714e-06,6.9418762235919094e-07,-1.9972083537512287e-06,-5.2947593512204286e-06,5.6403727885724911e-06,1.1248935742148773e-05,1.0485310583414613e-05,6.7978001165468931e-06,3.2505110769595414e-06,9.2170693596688553e-07
-1.8932168674078167e-06,-6.798166507402805e-06,-1.4898342415266453e-05,-2.1499803929021554e-05,-1.2994519186959756e-05,-0.0068167280716516145,0.0049167883742868247,-5.7563762222974492e-07,9.0150300173279451e-07,-0.0088226512409083045,0.016056795008033569,1.8253636632188234e-05,2.4607846844760264e-05,1.4867637686807937e-05,6.405233890926909e-06,1.683263032178084e-06
-2.7290437237225898e-06,-1.0423679104758764e-05,-2.4028868271528394e-05,-0.14015239557079473,0.012687549596096196,-1.241070448335406e-05,-1.1056807370118668e-05,-2.4199376225705752e-06,4.688666029488827e-06,1.5582790070995275e-05,1.5876250297940738e-05,-0.00044356362337925865,0.13931849407921604,2.0849976021796261e-05,8.8664995518046122e-06,2.1015118505102913e-06
-2.8639902732249675e-06,-1.1105103532286244e-05,-1.796485009903836e-05,0.00044505042312681722,-2.0464077458028448e-05,-1.4903722343813814e-05,-7.9394603007799458e-06,-1.9525386207538981e-06,3.0367025914357509e-06,9.6358635213969049e-06,1.6805677737533354e-05,2.0609272470071389e-05,-0.012764188133012814,1.2727903785573658e-05,8.2127214166168423e-06,1.882298411330154e-06
-1.7501511916120102e-06,-5.471609985494123e-06,-0.016014747762894761,-1.5861562705429079e-05,-1.6731943814770292e-05,-9.4801537724619903e-06,-5.1132561482936566e-06,-1.4837326585126065e-06,1.799341560016974e-06,5.476282942669066e-06,9.4991466197487009e-06,1.4953754014773877e-05,1.2493650274876706e-05,0.0067964900479510378,3.8095505005285226e-06,1.1243808487319753e-06
9.8141285386572609e-08,5.1923707153256488e-06,0.008963577272074431,-1.5388920373488884e-05,-9.540010124537063e-06,-5.4535550209304772e-06,-2.8765685217539366e-06,-8.6245333173078181e-07,8.8427470650758999e-07,2.877397916127765e-06,5.0992812535298438e-06,7.8859826355693368e-06,1.0964606192895755e-05,-0.0049647967455726917,-2.710691469016288e-06,6.0288802033845029e-08
2.2288806922213965e-07,1.9947161935739901e-06,-9.1192931865822216e-07,-4.6684443341142954e-06,-3.0092076784437703e-06,-1.7886863149195233e-06,-8.822205636736587e-07,-2.7948968823346436e-07,2.7949056841166015e-07,8.605380130330238e-07,1.4754171786346366e-06,1.9359522731543537e-06,2.4066055482395102e-06,5.7800606443266844e-07,-6.9292035833901669e-07,-3.4239817719802106e-08
-3.4239817719801596e-08,-6.9292035833901595e-07,5.7800606443266611e-07,2.4066055482395089e-06,1.9359522731543524e-06,1.4754171786346392e-06,8.605380130330238e-07,2.794905684116602e-07,-2.7948968823346357e-07,-8.8222056367365732e-07,-1.7886863149195218e-06,-3.0092076784437708e-06,-4.6684443341142954e-06,-9.1192931865822459e-07,1.994716193573988e-06,2.2288806922213867e-07
6.0288802033843864e-08,-2.7106914690162897e-06,-0.0049647967455727316,1.0964606192895751e-05,7.88598263556933e-06,5.0992812535298404e-06,2.877397916127768e-06,8.8427470650759083e-07,-8.6245333173078023e-07,-2.8765685217539328e-06,-5.4535550209304755e-06,-9.540010124537063e-06,-1.538892037348887e-05,0.0089635772720744241,5.1923707153256463e-06,9.8141285386572979e-08
1.1243808487319741e-06,3.8095505005285201e-06,0.0067964900479510412,1.2493650274876711e-05,1.4953754014773877e-05,9.4991466197486976e-06,5.476282942669066e-06,1.799341560016975e-06,-1.4837326585126048e-06,-5.1132561482936566e-06,-9.4801537724619988e-06,-1.6731943814770292e-05,-1.5861562705429076e-05,-0.016014747762894715,-5.4716099854941196e-06,-1.7501511916120095e-06
1.882298411330155e-06,8.2127214166168407e-06,1.2727903785573662e-05,-0.012764188133012784,2.0609272470071396e-05,1.680567773753335e-05,9.6358635213969066e-06,3.0367025914357487e-06,-1.9525386207538994e-06,-7.9394603007799407e-06,-1.4903722343813825e-05,-2.0464077458028448e-05,0.00044505042312682367,-1.7964850099038356e-05,-1.1105103532286242e-05,-2.8639902732249658e-06
2.1015118505102934e-06,8.8664995518046122e-06,2.0849976021796251e-05,0.13931849407921601,-0.00044356362337924569,1.5876250297940731e-05,1.5582790070995275e-05,4.6886660294888227e-06,-2.419937622570573e-06,-1.1056807370118664e-05,-1.2410704483354065e-05,0.012687549596096156,-0.14015239557079465,-2.4028868271528367e-05,-1.0423679104758764e-05,-2.7290437237225847e-06
1.6832630321780846e-06,6.405233890926909e-06,1.4867637686807947e-05,2.4607846844760261e-05,1.8253636632188223e-05,0.016056795008033576,-0.0088226512409082906,9.0150300173279388e-07,-5.7563762222974492e-07,0.0049167883742868169,-0.0068167280716515868,-1.2994519186959752e-05,-2.1499803929021534e-05,-1.489834241526645e-05,-6.7981665074028092e-06,-1.8932168674078138e-06
9.2170693596688542e-07,3.2505110769595405e-06,6.797800116546894e-06,1.048531058341462e-05,1.1248935742148775e-05,5.6403727885724903e-06,-5.294759351220432e-06,-1.9972083537512261e-06,6.9418762235919136e-07,2.7462080355144705e-06,-3.8882506988741907e-06,-8.3036875751321161e-06,-8.9272837320320364e-06,-6.4118574492729111e-06,-3.2512356747347159e-06,-9.4432542498507582e-07
2.7346865570774586e-07,9.4252303336258652e-07,1.8859912588043017e-06,2.7192496441643513e-06,2.8631459700709977e-06,1.7580652129644802e-06,-9.8523377950639601e-08,-2.230923360387948e-07,3.4258080165053079e-08,-6.038573849658074e-08,-1.1260780465468507e-06,-1.8794125917309111e-06,-2.0937254698209968e-06,-1.6770703298652334e-06,-9.2001295143354455e-07,-2.7347018106474264e-07
0.00010009029570940431,0.00010068900294449321,0.00010134126411118503,0.00010145169374559465,0.00010089738954890193,0.00010021115562677265,0.00010000083580225326,0.00010000080998178738,0.00010001878924785257,0.0001000009155427035,0.00010021597794338358,0.00010099690227297008,0.00010159554631084516,0.00010142688825266398,0.00010071238491567214,0.00010009196955692697
0.00010013842866181,0.00010104670334887205,0.00010197075051222675,0.00010207701842487494,0.00010152498861427085,0.0001002495005766839,0.00010019738909629075,0.00010008422624728162,0.00010050210681208386,0.0001004671889126026,0.00010034538858597105,0.0001022062651651258,0.0001026635476879396,0.00010225729224783842,0.00010111381211001951,0.00010013637336077543
0.00010027646922007325,0.00010224100192781002,0.00010457701916115203,0.00010360816434545973,0.00010210480475236162,0.80157603398826593,0.83643489620206757,0.00010126359169278047,0.00010349577037627147,1.0349838698970271,1.0017721708126173,0.00010395239067797558,0.00010501803981363525,0.0001052060333236604,0.00010228301403278868,0.00010023263360748785
0.0001005131705506839,0.00010445308876952545,0.00011236748746575514,0.93832196515735589,0.86881607934582505,0.00010522994895794662,0.00010256850335053616,0.00010032318666227419,0.0001010303259575891,0.00010350702472232064,0.00010506016393028159,0.95724834564804506,0.95471240051383299,0.00011307067201678152,0.00010414790376392212,0.00010033477515845189
0.00010090816851004507,0.00010612041101947363,0.00010883845188430908,0.94771826966781703,0.00010786598771324748,0.00010543345595587321,0.00010178308003643318,0.00010015270518014176,0.00010032691766810733,0.00010198736966954458,0.00010485767703840632,0.000105697031683453,0.85336500699102902,0.00010843308905876984,0.00010486475487677974,0.00010043607290596464
0.00010157352674898595,0.00010960904769248761,1.0096485936914203,0.00010534264551564339,0.00010620111642962833,0.0001034484252508523,0.00010132900369717529,0.00010013248590529154,0.00010018036724599514,0.00010128805051755562,0.00010284170237027277,0.00010441154893817863,0.00010320351639774892,0.80873272368533577,0.00010645225212054597,0.00010066430966075126
0.00010116890634892258,0.00010639211748388093,0.98766132995449496,0.00010733060777076831,0.00010502159236047691,0.00010254368124038767,0.00010100030982933629,0.00010010620834068103,0.00010010721995127343,0.00010091354811935707,0.00010215481441570302,0.00010382957890236043,0.00010511279647960175,0.81263302173243113,0.00010413069565452031,0.0001004831976814028
0.0001002937428747124,0.0001008775483842663,0.00010002582701254076,0.00010233426001235038,0.00010307098300118008,0.00010196854852729091,0.00010080598295981967,0.00010009360819191102,0.0001000926631301429,0.00010077416143914156,0.00010182403842576525,0.00010272427534232834,0.00010198691217427278,0.00010002913162622466,0.00010063304248333027,0.00010016082100790796
0.00010016082100790796,0.00010063304248333027,0.00010002913162622466,0.00010198691217427278,0.00010272427534232834,0.00010182403842576525,0.00010077416143914156,0.0001000926631301429,0.00010009360819191102,0.00010080598295981967,0.00010196854852729091,0.00010307098300118008,0.00010233426001235038,0.00010002582701254076,0.0001008775483842663,0.0001002937428747124
0.0001004831976814028,0.00010413069565452031,0.81263302173243113,0.00010511279647960175,0.00010382957890236043,0.00010215481441570302,0.00010091354811935707,0.00010010721995127346,0.00010010620834068103,0.00010100030982933629,0.00010254368124038767,0.00010502159236047691,0.00010733060777076831,0.98766132995449496,0.00010639211748388092,0.00010116890634892258
0.00010066430966075126,0.00010645225212054599,0.80873272368533577,0.00010320351639774895,0.00010441154893817863,0.00010284170237027277,0.00010128805051755562,0.00010018036724599514,0.00010013248590529154,0.00010132900369717529,0.0001034484252508523,0.00010620111642962833,0.00010534264551564339,1.0096485936914203,0.00010960904769248761,0.00010157352674898595
0.00010043607290596464,0.00010486475487677974,0.00010843308905876984,0.85336500699102891,0.000105697031683453,0.00010485767703840632,0.00010198736966954458,0.00010032691766810733,0.00010015270518014176,0.00010178308003643318,0.00010543345595587321,0.00010786598771324748,0.94771826966781691,0.00010883845188430906,0.00010612041101947363,0.00010090816851004507
0.00010033477515845189,0.00010414790376392212,0.0001130706720167815,0.95471240051383288,0.95724834564804506,0.00010506016393028159,0.00010350702472232064,0.0001010303259575891,0.00010032318666227419,0.00010256850335053616,0.00010522994895794662,0.86881607934582505,0.93832196515735611,0.00011236748746575514,0.00010445308876952545,0.0001005131705506839
0.00010023263360748785,0.00010228301403278868,0.0001052060333236604,0.00010501803981363525,0.00010395239067797558,1.0017721708126173,1.0349838698970271,0.00010349577037627147,0.00010126359169278047,0.83643489620206757,0.80157603398826593,0.00010210480475236162,0.00010360816434545973,0.00010457701916115203,0.00010224100192781002,0.00010027646922007325
0.00010013637336077543,0.00010111381211001951,0.00010225729224783842,0.0001026635476879396,0.0001022062651651258,0.00010034538858597105,0.0001004671889126026,0.00010050210681208386,0.00010008422624728162,0.00010019738909629075,0.0001002495005766839,0.00010152498861427085,0.00010207701842487494,0.00010197075051222675,0.00010104670334887205,0.00010013842866181
0.00010009196955692697,0.00010071238491567214,0.00010142688825266398,0.00010159554631084516,0.00010099690227297008,0.00010021597794338358,0.0001000009155427035,0.00010001878924785257,0.00010000080998178738,0.00010000083580225326,0.00010021115562677265,0.00010089738954890193,0.00010145169374559465,0.00010134126411118503,0.00010068900294449321,0.00010009029570940431
-3.0353866481944572e-06,-3.7183204232969949e-06,-4.8879026197662469e-06,-5.8699704389037209e-06,-6.6628415006824843e-06,-8.1677296548334761e-06,-6.9513002998774128e-06,-4.0102819496919904e-06,-5.4208234543853445e-06,-1.081169622535767e-05,-1.2571121789065576e-05,-9.624790232280328e-06,-7.277890763000304e-06,-5.3330603140430196e-06,-3.7471052396345227e-06,-3.0076880640742487e-06
-8.4519735600079803e-06,-1.0664195962368958e-05,-1.5407419460816358e-05,-2.0789417073954116e-05,-2.2392543704118103e-05,-2.5464660018665331e-05,-2.0364230489686497e-05,-7.9630980671423514e-06,-9.4147913873958806e-06,-2.5400754969233665e-05,-3.1105529138507737e-05,-2.5285282650132875e-05,-2.1664413892767029e-05,-1.530789249507354e-05,-1.0344804579290544e-05,-8.3119399590123131e-06
-1.1978267707661267e-05,-1.5360982409404947e-05,-2.3861059873236385e-05,-3.7457857898429885e-05,-2.9651012136203298e-05,-0.079170885193435639,-0.00983393588488694,1.7283659098800246e-06,1.6632582576765327e-06,-0.014052481204680679,-0.10303078021976633,-3.0904561270520391e-05,-3.6932154803132727e-05,-2.2507746316252769e-05,-1.4358839504122689e-05,-1.1608237730451354e-05
-1.2696314725863298e-05,-1.7047139903281595e-05,-2.5171420309967752e-05,-0.23135213574453947,-0.030941771381129947,1.8834445354204347e-05,2.3192270687240154e-05,1.4141342926933737e-05,1.5435701423676175e-05,2.8024625424677615e-05,2.4283778001934138e-05,-0.0014890847327412398,-0.19700406823599037,-2.1477964917803419e-05,-1.5009654918954515e-05,-1.2088961226839454e-05
-1.0075175430339444e-05,-1.5762597189164703e-05,-2.1637759476805105e-05,0.095047474535757404,2.5745945285780267e-05,2.2144913740442664e-05,1.9918246365215109e-05,1.6530583517133524e-05,1.758151015809345e-05,2.2854257622553324e-05,2.6111701664529476e-05,2.9644178722261179e-05,0.11885188829506571,-1.5731413188267007e-05,-1.2949793604121266e-05,-9.5143741727518805e-06
-4.7204698987640608e-06,-6.4416985170785395e-06,-0.052405967208891638,2.3696625993023231e-05,2.3406873119314498e-05,1.7438662745969383e-05,1.4874374395184982e-05,1.35235898157772e-05,1.4055803658880883e-05,1.6154352524093245e-05,1.9097638367989875e-05,2.4338096796378468e-05,2.3601696436996912e-05,-0.023154752988248664,-5.3172934745247849e-06,-4.6256934580761155e-06
3.0611623143990532e-07,7.2720309120837448e-06,0.21662660489202926,2.0099858603670982e-05,1.4805324398264542e-05,1.163791959708161e-05,9.6535804448601509e-06,8.8079893304285871e-06,8.9872812099141504e-06,1.0092917989747283e-05,1.1776654491070322e-05,1.3864573406212716e-05,1.6845955872957117e-05,0.13941357021856807,4.6263698509282625e-06,-2.904993841265597e-07
1.3747652210073877e-06,7.1481321988292676e-06,1.870180824294374e-05,1.0387436315740052e-05,5.8932601683458845e-06,4.3305701141842241e-06,3.3008372490404879e-06,3.0469114181459774e-06,3.0623806564282592e-06,3.2841917431800492e-06,3.7062538031536058e-06,4.0142089148309296e-06,5.7979058359670771e-06,1.1244234120798467e-05,2.9205478671393771e-06,2.8505948923034959e-07
-2.8505948923034514e-07,-2.9205478671393728e-06,-1.1244234120798461e-05,-5.7979058359670771e-06,-4.0142089148309279e-06,-3.7062538031536109e-06,-3.2841917431800471e-06,-3.0623806564282508e-06,-3.0469114181459774e-06,-3.3008372490404837e-06,-4.3305701141842198e-06,-5.8932601683458845e-06,-1.0387436315740054e-05,-1.870180824294373e-05,-7.1481321988292634e-06,-1.3747652210073809e-06
2.9049938412655414e-07,-4.6263698509282634e-06,-0.13941357021856812,-1.6845955872957117e-05,-1.3864573406212707e-05,-1.1776654491070315e-05,-1.0092917989747275e-05,-8.9872812099141419e-06,-8.8079893304285837e-06,-9.6535804448601476e-06,-1.1637919597081606e-05,-1.4805324398264534e-05,-2.0099858603670968e-05,-0.21662660489202923,-7.2720309120837439e-06,-3.0611623143990649e-07
4.6256934580761104e-06,5.3172934745247807e-06,0.023154752988248664,-2.3601696436996915e-05,-2.4338096796378458e-05,-1.9097638367989858e-05,-1.6154352524093235e-05,-1.4055803658880883e-05,-1.3523589815777201e-05,-1.4874374395184987e-05,-1.7438662745969393e-05,-2.3406873119314498e-05,-2.3696625993023221e-05,0.052405967208891575,6.4416985170785387e-06,4.7204698987640608e-06
9.5143741727518771e-06,1.2949793604121262e-05,1.5731413188267007e-05,-0.1188518882950656,-2.9644178722261179e-05,-2.6111701664529476e-05,-2.2854257622553324e-05,-1.7581510158093453e-05,-1.6530583517133534e-05,-1.9918246365215112e-05,-2.2144913740442681e-05,-2.574594528578027e-05,-0.095047474535757431,2.1637759476805105e-05,1.5762597189164706e-05,1.0075175430339446e-05
1.2088961226839454e-05,1.5009654918954515e-05,2.1477964917803416e-05,0.19700406823599032,0.0014890847327411973,-2.4283778001934131e-05,-2.8024625424677625e-05,-1.5435701423676175e-05,-1.4141342926933732e-05,-2.3192270687240154e-05,-1.8834445354204354e-05,0.030941771381129878,0.23135213574453936,2.5171420309967735e-05,1.7047139903281598e-05,1.2696314725863292e-05
1.1608237730451359e-05,1.4358839504122689e-05,2.2507746316252782e-05,3.6932154803132727e-05,3.0904561270520391e-05,0.10303078021976637,0.014052481204680658,-1.6632582576765313e-06,-1.7283659098800246e-06,0.0098339358848869209,0.079170885193435597,2.9651012136203292e-05,3.7457857898429858e-05,2.3861059873236368e-05,1.5360982409404944e-05,1.1978267707661262e-05
8.3119399590123165e-06,1.0344804579290548e-05,1.5307892495073547e-05,2.1664413892767042e-05,2.5285282650132879e-05,3.110552913850773e-05,2.5400754969233676e-05,9.4147913873958738e-06,7.9630980671423497e-06,2.0364230489686494e-05,2.5464660018665338e-05,2.239254370411811e-05,2.0789417073954122e-05,1.5407419460816369e-05,1.0664195962368953e-05,8.4519735600079803e-06
3.0076880640742487e-06,3.7471052396345248e-06,5.3330603140430103e-06,7.2778907630003006e-06,9.6247902322803246e-06,1.2571121789065571e-05,1.0811696225357667e-05,5.4208234543853377e-06,4.0102819496919937e-06,6.951300299877406e-06,8.1677296548334761e-06,6.6628415006824817e-06,5.8699704389037149e-06,4.8879026197662469e-06,3.7183204232969894e-06,3.0353866481944619e-06
0.00010018234831089515,0.00010082631592173987,0.00010157701794976065,0.0001017913288140836,0.0001013373757275503,0.00010087686801475178,0.00010048403752223315,0.00010016163229231621,0.00010031258731464174,0.00010116983259346285,0.00010179290316308058,0.00010191412433553418,0.00010211690473531883,0.00010170730237956067,0.00010085179972238785,0.00010018234831089515
0.00010085179972238785,0.00010217217376754726,0.0001042987570557608,0.00010631107491421979,0.00010646393044903364,0.00010671785110347971,0.00010433623829363406,0.0001007178019185393,0.00010138406142656689,0.00010688916966064874,0.00010998762483240903,0.00010846170868088458,0.00010723524660042763,0.00010454888013843878,0.00010217217376754726,0.00010082631592173987
0.00010170730237956067,0.00010454888013843878,0.00011002133362757231,0.0001171504476896627,0.00011071539387041134,0.8093956653102321,0.83655051344308318,0.0001012930914238141,0.00010352250024186569,1.0351746672937319,1.0123687335660854,0.00011314017271063742,0.00011800613272436833,0.00011002133362757231,0.0001042987570557608,0.00010157701794976065
0.00010211690473531886,0.00010723524660042763,0.00011800613272436833,0.99536401756692938,0.86991803088535335,0.00010860100762815726,0.00010781262217902257,0.00010231652027168533,0.00010338863645676433,0.00011109471871990613,0.00011067315606723036,0.9572506620514647,0.99536401756692938,0.0001171504476896627,0.00010631107491421979,0.0001017913288140836
0.00010191412433553418,0.00010846170868088458,0.00011314017271063742,0.95725066205146481,0.00011401114720894071,0.00011008470446257959,0.00010568094339568102,0.00010288114063203916,0.00010340794025530285,0.00010710875963352178,0.00011136002367696155,0.00011401114720894071,0.86991803088535335,0.00011071539387041132,0.00010646393044903364,0.0001013373757275503
0.00010179290316308058,0.00010998762483240903,1.0123687335660854,0.00011067315606723036,0.00011136002367696155,0.0001063881216032156,0.00010351245567613029,0.00010195894092487803,0.00010215246639005079,0.00010386449565732506,0.0001063881216032156,0.00011008470446257959,0.00010860100762815726,0.8093956653102321,0.00010671785110347971,0.00010087686801475178
0.00010116983259346285,0.00010688916966064874,1.0351746672937319,0.00011109471871990613,0.00010710875963352178,0.00010386449565732506,0.00010192299626032699,0.00010088119200384128,0.00010091406708562989,0.00010192299626032699,0.00010351245567613029,0.00010568094339568102,0.00010781262217902257,0.83655051344308318,0.00010433623829363404,0.00010048403752223315
0.00010031258731464174,0.00010138406142656689,0.00010352250024186569,0.00010338863645676433,0.00010340794025530285,0.00010215246639005079,0.00010091406708562989,0.0001001863580623346,0.00010018635806233459,0.00010088119200384128,0.00010195894092487801,0.00010288114063203916,0.00010231652027168533,0.0001012930914238141,0.00010071780191853928,0.00010016163229231621
0.00010016163229231621,0.0001007178019185393,0.0001012930914238141,0.00010231652027168533,0.00010288114063203916,0.00010195894092487803,0.00010088119200384128,0.00010018635806233459,0.00010018635806233459,0.00010091406708562989,0.00010215246639005079,0.00010340794025530285,0.00010338863645676433,0.00010352250024186569,0.00010138406142656689,0.00010031258731464174
0.00010048403752223315,0.00010433623829363404,0.83655051344308318,0.00010781262217902257,0.00010568094339568102,0.00010351245567613029,0.00010192299626032699,0.00010091406708562989,0.00010088119200384128,0.00010192299626032699,0.00010386449565732506,0.00010710875963352178,0.00011109471871990613,1.0351746672937319,0.00010688916966064874,0.00010116983259346285
0.00010087686801475178,0.00010671785110347974,0.8093956653102321,0.00010860100762815729,0.00011008470446257959,0.0001063881216032156,0.00010386449565732506,0.00010215246639005079,0.00010195894092487803,0.00010351245567613029,0.00010638812160321563,0.00011136002367696155,0.00011067315606723036,1.0123687335660854,0.00010998762483240903,0.00010179290316308058
0.0001013373757275503,0.00010646393044903364,0.00011071539387041134,0.86991803088535324,0.00011401114720894071,0.00011136002367696155,0.00010710875963352178,0.00010340794025530285,0.00010288114063203916,0.00010568094339568102,0.00011008470446257959,0.00011401114720894071,0.9572506620514647,0.00011314017271063742,0.00010846170868088458,0.00010191412433553418
0.0001017913288140836,0.00010631107491421979,0.0001171504476896627,0.99536401756692938,0.9572506620514647,0.00011067315606723036,0.00011109471871990613,0.00010338863645676433,0.00010231652027168533,0.00010781262217902257,0.00010860100762815729,0.86991803088535335,0.99536401756692938,0.00011800613272436832,0.00010723524660042763,0.00010211690473531883
0.00010157701794976065,0.0001042987570557608,0.00011002133362757231,0.00011800613272436832,0.00011314017271063742,1.0123687335660854,1.0351746672937319,0.00010352250024186569,0.0001012930914238141,0.83655051344308318,0.8093956653102321,0.00011071539387041132,0.0001171504476896627,0.00011002133362757231,0.0001045488801384388,0.00010170730237956067
0.00010082631592173987,0.00010217217376754726,0.0001045488801384388,0.00010723524660042763,0.00010846170868088458,0.00010998762483240903,0.00010688916966064874,0.00010138406142656689,0.0001007178019185393,0.00010433623829363404,0.00010671785110347974,0.00010646393044903364,0.00010631107491421979,0.0001042987570557608,0.00010217217376754726,0.00010085179972238785
0.00010018234831089515,0.00010085179972238785,0.00010170730237956067,0.00010211690473531883,0.00010191412433553418,0.00010179290316308058,0.00010116983259346285,0.00010031258731464174,0.00010016163229231621,0.00010048403752223315,0.00010087686801475178,0.0001013373757275503,0.0001017913288140836,0.00010157701794976065,0.00010082631592173987,0.00010018234831089515
9.0174866629670039e-06,2.4959051890218677e-05,3.4899222996531599e-05,3.6320785407656288e-05,2.8504204405253232e-05,1.3795204907322547e-05,8.6730975973046965e-07,-8.5380767451324699e-07,4.1124738720932533e-06,9.077408564418345e-07,-1.3952065389163085e-05,-3.0053033755012862e-05,-3.8096022191940637e-05,-3.600617363036297e-05,-2.5380996690669129e-05,-9.1007340039049105e-06
1.1166951111286117e-05,3.0799643000257688e-05,4.2391687246863599e-05,4.3534931012933997e-05,3.7235450305757972e-05,1.4997472372288013e-05,-1.333731750770429e-05,-8.7089719768121318e-06,2.1293427724245858e-05,2.053729860363381e-05,-1.7651229392062597e-05,-4.488821311637813e-05,-4.9395837900440943e-05,-4.5412005572986352e-05,-3.1778737879557355e-05,-1.1083665288223011e-05
1.5788638977559024e-05,4.5245406595557805e-05,6.5161113526156786e-05,5.7670883052704183e-05,4.3829199656428627e-05,0.068811956874887018,-0.42228557305620829,-3.3864918169280237e-05,5.674454158134471e-05,0.66017934897379749,-0.15571199788287823,-6.0427621011008706e-05,-6.8327035296676374e-05,-6.9638047567472977e-05,-4.5673893441870598e-05,-1.4480852288750876e-05
2.1527538435779733e-05,6.4246734839937578e-05,0.00010985164475573305,0.56505034079962679,-0.3584064969376588,-6.9803286266151391e-05,-4.849129531987046e-05,-1.7073225568885071e-05,3.0556075156194504e-05,5.683791798858128e-05,6.862269857227714e-05,0.28609774306386065,-0.67920033942077251,-0.00011318564341579751,-6.19439881874154e-05,-1.73772973803255e-05
2.8675909220078657e-05,7.5732550300090164e-05,9.1816232380055251e-05,0.0044227724270403321,-8.634522859269405e-05,-7.1195850377699733e-05,-4.0297704278014519e-05,-1.1729220390501673e-05,1.7171706428328986e-05,4.2572397462703427e-05,6.7191054160106536e-05,7.2965159997149051e-05,-0.091097508042042336,-8.9568294940368414e-05,-6.7241547530338277e-05,-1.9839541377725504e-05
3.7829472015543242e-05,9.5974049134239157e-05,0.3093487509625038,-7.0577398138705502e-05,-7.6250327371145353e-05,-5.6350178528860275e-05,-3.4737937560528667e-05,-1.0924406304582051e-05,1.2748559688602724e-05,3.4193877819394725e-05,5.1051084637046364e-05,6.3937650831173278e-05,5.426848646556104e-05,-0.23808982383906055,-7.7842805872481381e-05,-2.4505702811295296e-05
3.2561169168268927e-05,7.7464007751653827e-05,0.040224936649232455,-8.3210054461714216e-05,-6.8352013340819293e-05,-4.825245678755577e-05,-3.0104693558121709e-05,-9.7803476350904846e-06,9.8268481813822108e-06,2.8761230026195023e-05,4.435416979286939e-05,5.9457351884523036e-05,6.8990560795374509e-05,-0.028659653343296999,-6.1811865969336137e-05,-2.0887314844860471e-05
1.6275335632653156e-05,2.8185472335276342e-05,-4.8216505126788291e-06,-4.619149075751513e-05,-5.3110826985492657e-05,-4.2367688858981734e-05,-2.7005324489087001e-05,-9.1815007424646328e-06,9.1350065035117622e-06,2.6464049020903526e-05,4.0763439110780366e-05,4.9965788814282739e-05,4.256743258044957e-05,5.1208940390630519e-06,-2.3919557449575157e-05,-1.203719772581812e-05
1.2037197725818129e-05,2.3919557449575171e-05,-5.1208940390630333e-06,-4.256743258044955e-05,-4.9965788814282733e-05,-4.0763439110780373e-05,-2.6464049020903537e-05,-9.1350065035117893e-06,9.1815007424646074e-06,2.7005324489086991e-05,4.2367688858981734e-05,5.3110826985492657e-05,4.619149075751513e-05,4.8216505126788418e-06,-2.8185472335276332e-05,-1.6275335632653166e-05
2.0887314844860471e-05,6.1811865969336137e-05,0.028659653343297224,-6.8990560795374495e-05,-5.9457351884523002e-05,-4.435416979286939e-05,-2.8761230026195067e-05,-9.8268481813822311e-06,9.7803476350904693e-06,3.0104693558121689e-05,4.8252456787555777e-05,6.8352013340819306e-05,8.3210054461714203e-05,-0.040224936649232428,-7.74640077516538e-05,-3.2561169168268927e-05
2.4505702811295296e-05,7.7842805872481408e-05,0.23808982383906063,-5.426848646556106e-05,-6.3937650831173305e-05,-5.1051084637046384e-05,-3.4193877819394745e-05,-1.2748559688602729e-05,1.0924406304582036e-05,3.4737937560528647e-05,5.6350178528860262e-05,7.6250327371145326e-05,7.0577398138705502e-05,-0.30934875096250325,-9.597404913423913e-05,-3.7829472015543235e-05
1.9839541377725521e-05,6.724154753033825e-05,8.9568294940368414e-05,0.091097508042042197,-7.2965159997149078e-05,-6.7191054160106509e-05,-4.2572397462703434e-05,-1.7171706428328976e-05,1.1729220390501678e-05,4.0297704278014492e-05,7.1195850377699733e-05,8.634522859269401e-05,-0.0044227724270403937,-9.1816232380055251e-05,-7.5732550300090136e-05,-2.8675909220078634e-05
1.7377297380325521e-05,6.19439881874154e-05,0.00011318564341579747,0.67920033942077207,-0.28609774306386049,-6.862269857227714e-05,-5.6837917988581294e-05,-3.0556075156194483e-05,1.7073225568885064e-05,4.8491295319870453e-05,6.9803286266151391e-05,0.35840649693765853,-0.5650503407996269,-0.00010985164475573302,-6.4246734839937551e-05,-2.1527538435779702e-05
1.4480852288750876e-05,4.5673893441870598e-05,6.9638047567472977e-05,6.8327035296676347e-05,6.0427621011008672e-05,0.15571199788287823,-0.66017934897379749,-5.6744541581344723e-05,3.3864918169280237e-05,0.42228557305620845,-0.068811956874886795,-4.3829199656428627e-05,-5.7670883052704183e-05,-6.5161113526156827e-05,-4.5245406595557839e-05,-1.5788638977559004e-05
1.1083665288223006e-05,3.1778737879557334e-05,4.5412005572986339e-05,4.9395837900440943e-05,4.4888213116378123e-05,1.76512293920626e-05,-2.053729860363381e-05,-2.1293427724245841e-05,8.7089719768121368e-06,1.333731750770429e-05,-1.4997472372287999e-05,-3.7235450305757972e-05,-4.3534931012933997e-05,-4.2391687246863606e-05,-3.0799643000257688e-05,-1.1166951111286117e-05
9.1007340039049003e-06,2.5380996690669119e-05,3.6006173630362963e-05,3.8096022191940637e-05,3.0053033755012876e-05,1.3952065389163091e-05,-9.0774085644182783e-07,-4.1124738720932466e-06,8.5380767451324699e-07,-8.6730975973046626e-07,-1.3795204907322547e-05,-2.8504204405253239e-05,-3.6320785407656302e-05,-3.4899222996531599e-05,-2.4959051890218663e-05,-9.0174866629670039e-06
-2.7346865570774655e-07,-9.2170693596688553e-07,-1.6832630321780834e-06,-2.1015118505102922e-06,-1.882298411330154e-06,-1.1243808487319749e-06,-6.0288802033844341e-08,3.4239817719802126e-08,-2.2288806922214023e-07,-9.8141285386573721e-08,1.7501511916120108e-06,2.8639902732249671e-06,2.7290437237225868e-06,1.8932168674078155e-06,9.443254249850772e-07,2.734701810647419e-07
-9.4252303336258515e-07,-3.2505110769595414e-06,-6.4052338909269056e-06,-8.8664995518046105e-06,-8.2127214166168423e-06,-3.8095505005285214e-06,2.7106914690162902e-06,6.9292035833901648e-07,-1.9947161935739905e-06,-5.1923707153256454e-06,5.4716099854941247e-06,1.1105103532286244e-05,1.0423679104758761e-05,6.798166507402805e-06,3.251235674734718e-06,9.2001295143354635e-07
-1.885991258804307e-06,-6.7978001165468931e-06,-1.4867637686807942e-05,-2.0849976021796265e-05,-1.2727903785573658e-05,-0.0067964900479510525,0.0049647967455727334,-5.7800606443266749e-07,9.1192931865822121e-07,-0.0089635772720744154,0.016014747762894715,1.7964850099038363e-05,2.4028868271528387e-05,1.4898342415266445e-05,6.4118574492729095e-06,1.677070329865234e-06
-2.7192496441643556e-06,-1.0485310583414617e-05,-2.4607846844760271e-05,-0.13931849407921612,0.012764188133012803,-1.2493650274876705e-05,-1.0964606192895753e-05,-2.406605548239511e-06,4.6684443341142988e-06,1.5388920373488874e-05,1.5861562705429086e-05,-0.00044505042312683045,0.14015239557079465,2.1499803929021554e-05,8.9272837320320364e-06,2.0937254698209968e-06
-2.863145970070999e-06,-1.1248935742148773e-05,-1.825363663218823e-05,0.00044356362337924548,-2.0609272470071396e-05,-1.4953754014773866e-05,-7.8859826355693368e-06,-1.935952273154355e-06,3.0092076784437716e-06,9.5400101245370646e-06,1.6731943814770295e-05,2.0464077458028445e-05,-0.012687549596096206,1.2994519186959756e-05,8.3036875751321127e-06,1.8794125917309117e-06
-1.7580652129644797e-06,-5.6403727885724894e-06,-0.016056795008033614,-1.5876250297940731e-05,-1.6805677737533354e-05,-9.4991466197486976e-06,-5.0992812535298446e-06,-1.4754171786346396e-06,1.7886863149195225e-06,5.4535550209304764e-06,9.4801537724619937e-06,1.4903722343813825e-05,1.2410704483354061e-05,0.006816728071651598,3.888250698874195e-06,1.1260780465468513e-06
9.8523377950639231e-08,5.2947593512204328e-06,0.0088226512409083201,-1.5582790070995285e-05,-9.6358635213969032e-06,-5.4762829426690668e-06,-2.8773979161277675e-06,-8.6053801303302274e-07,8.822205636736587e-07,2.8765685217539336e-06,5.1132561482936557e-06,7.9394603007799458e-06,1.1056807370118669e-05,-0.0049167883742867831,-2.7462080355144693e-06,6.0385738496581719e-08
2.2309233603879487e-07,1.9972083537512278e-06,-9.0150300173279536e-07,-4.6886660294888227e-06,-3.0367025914357492e-06,-1.7993415600169746e-06,-8.8427470650758999e-07,-2.7949056841166057e-07,2.7948968823346394e-07,8.6245333173078277e-07,1.4837326585126036e-06,1.9525386207538969e-06,2.4199376225705743e-06,5.7563762222974587e-07,-6.9418762235919126e-07,-3.4258080165053039e-08
-3.425808016505253e-08,-6.9418762235919041e-07,5.7563762222974354e-07,2.419937622570573e-06,1.9525386207538956e-06,1.4837326585126061e-06,8.6245333173078277e-07,2.7948968823346399e-07,-2.7949056841165978e-07,-8.8427470650758861e-07,-1.7993415600169733e-06,-3.0367025914357496e-06,-4.6886660294888227e-06,-9.0150300173279769e-07,1.9972083537512261e-06,2.230923360387939e-07
6.0385738496580554e-08,-2.7462080355144705e-06,-0.004916788374286823,1.1056807370118666e-05,7.939460300779939e-06,5.1132561482936532e-06,2.876568521753937e-06,8.8222056367365954e-07,-8.6053801303302115e-07,-2.8773979161277642e-06,-5.476282942669066e-06,-9.6358635213969032e-06,-1.5582790070995271e-05,0.0088226512409083132,5.2947593512204303e-06,9.8523377950639601e-08
1.1260780465468501e-06,3.8882506988741924e-06,0.0068167280716516024,1.2410704483354066e-05,1.4903722343813825e-05,9.4801537724619903e-06,5.4535550209304764e-06,1.7886863149195235e-06,-1.4754171786346379e-06,-5.0992812535298446e-06,-9.4991466197487043e-06,-1.680567773753335e-05,-1.5876250297940724e-05,-0.016056795008033569,-5.6403727885724861e-06,-1.7580652129644791e-06
1.8794125917309128e-06,8.303687575132111e-06,1.2994519186959758e-05,-0.012687549596096177,2.0464077458028448e-05,1.6731943814770292e-05,9.5400101245370663e-06,3.0092076784437699e-06,-1.9359522731543563e-06,-7.8859826355693317e-06,-1.4953754014773877e-05,-2.0609272470071393e-05,0.00044356362337925193,-1.825363663218823e-05,-1.1248935742148773e-05,-2.8631459700709973e-06
2.0937254698209993e-06,8.9272837320320364e-06,2.1499803929021544e-05,0.14015239557079456,-0.00044505042312681744,1.5861562705429079e-05,1.5388920373488877e-05,4.6684443341142962e-06,-2.4066055482395089e-06,-1.096460619289575e-05,-1.2493650274876708e-05,0.012764188133012763,-0.13931849407921607,-2.4607846844760244e-05,-1.0485310583414617e-05,-2.7192496441643505e-06
1.6770703298652349e-06,6.4118574492729095e-06,1.4898342415266458e-05,2.4028868271528384e-05,1.7964850099038353e-05,0.016014747762894722,-0.0089635772720744033,9.1192931865822057e-07,-5.7800606443266749e-07,0.0049647967455727256,-0.0067964900479510265,-1.2727903785573655e-05,-2.0849976021796244e-05,-1.4867637686807942e-05,-6.7978001165468974e-06,-1.8859912588043038e-06
9.2001295143354614e-07,3.2512356747347171e-06,6.7981665074028058e-06,1.0423679104758769e-05,1.1105103532286244e-05,5.4716099854941247e-06,-5.192370715325648e-06,-1.9947161935739884e-06,6.929203583390168e-07,2.7106914690162897e-06,-3.8095505005285184e-06,-8.212721416616844e-06,-8.8664995518046122e-06,-6.4052338909269107e-06,-3.2505110769595392e-06,-9.4252303336258515e-07
2.7347018106474153e-07,9.443254249850772e-07,1.8932168674078117e-06,2.7290437237225851e-06,2.8639902732249662e-06,1.7501511916120106e-06,-9.8141285386572979e-08,-2.2288806922213957e-07,3.4239817719802145e-08,-6.028880203384405e-08,-1.1243808487319749e-06,-1.8822984113301533e-06,-2.1015118505102913e-06,-1.6832630321780834e-06,-9.2170693596688383e-07,-2.7346865570774697e-07
0.0003005418557895772,0.00030413876491753439,0.00030806557456126965,0.00030873123662087786,0.00030539239037343635,0.00030126737962762309,0.00030000501482050517,0.00030000485989728492,0.00030011273901747374,0.0003000054932646031,0.00030129633412502175,0.00030599135177923891,0.00030959873554537148,0.00030858168961683975,0.00030427938441671365,0.00030055190192555581
0.00030083076359580419,0.00030629117597223769,0.00031186334164917489,0.00031250525060462237,0.00030917318758836155,0.00030149762596548102,0.00030118472420229782,0.00030050542842429703,0.00030301516198501054,0.00030280531613041618,0.00030207352444857949,0.00031328626705054321,0.00031605223099049685,0.00031359470716995204,0.00030669527843428133,0.0003008184261415879
0.00030165957967273599,0.00031349623246326448,0.00032767160601092772,0.00032177917457219677,0.00031267313054462537,2.4066982508377346,2.5817510916160775,0.00030759751679634352,0.00032109682636286495,3.24975064823865,3.0133987678939271,0.00032387055798856695,0.00033036004611752378,0.00033150722777163297,0.00031375020572747115,0.0003013963428288803
0.00030308165674424429,0.00032691683261304542,0.0003757344722566869,2.9315635387369379,2.6563650832201229,0.00033165321740870698,0.00031547699219783407,0.0003019401644698318,0.00030619257146132336,0.00032116514055795345,0.0003306170361717028,2.9004380238991416,3.0316004550496491,0.00038013245677039179,0.00032505947363988018,0.00030200977169477845
0.00030545725876069682,0.00033709706042731475,0.00035381189362296685,2.843161689018368,0.00034781466390653451,0.00033289596017148344,0.00031073027396276225,0.00030091646426957101,0.00030196257476026122,0.00031196371439930182,0.00032938203249253251,0.00033450675180074062,2.5633393419913513,0.00035130970426335039,0.0003294251876607899,0.00030261833903158107
0.00030946592035821339,0.00035857762413049068,3.0607618407536017,0.00033234131170491854,0.00033759123702750812,0.00032080946787222086,0.00030799168469132282,0.00030079509095690024,0.00030108252879940502,0.00030774489384669147,0.0003171309669452488,0.00032666391126941132,0.00031932372355960003,2.4497140713694185,0.00033912982829754673,0.00030399027103776121
0.00030702710151406096,0.00033876129656256295,2.9635301434632306,0.00034452102472749835,0.00033038171806120938,0.00031532679058485295,0.00030601186517356438,0.00030063736284620239,0.00030064343466882016,0.0003054896344178062,0.00031297531874587941,0.00032312413015985652,0.0003309381857560288,2.4382360157414906,0.00032495480039302466,0.00030290152088840983
0.00030176332009703891,0.00030527299121726505,0.00030015496874559032,0.00031406004777215479,0.00031852020737301587,0.00031185004299678849,0.00030484239384423315,0.00030056173677640201,0.00030055606464541418,0.00030465096189418784,0.00031097750171637817,0.00031641986881537817,0.00031196095124551949,0.00030017479824386451,0.00030380226232783864,0.00030096518468141354
0.00030096518468141354,0.00030380226232783864,0.00030017479824386451,0.00031196095124551949,0.00031641986881537817,0.00031097750171637817,0.00030465096189418784,0.00030055606464541418,0.00030056173677640201,0.00030484239384423315,0.00031185004299678849,0.00031852020737301587,0.00031406004777215479,0.00030015496874559032,0.00030527299121726505,0.00030176332009703891
0.00030290152088840983,0.00032495480039302466,2.4382360157414906,0.0003309381857560288,0.00032312413015985652,0.00031297531874587941,0.0003054896344178062,0.00030064343466882021,0.00030063736284620239,0.00030601186517356432,0.000315326790584853,0.00033038171806120938,0.00034452102472749835,2.9635301434632306,0.0003387612965625629,0.00030702710151406096
0.00030399027103776121,0.00033912982829754673,2.449714071369419,0.00031932372355960003,0.00032666391126941132,0.0003171309669452488,0.00030774489384669147,0.00030108252879940502,0.00030079509095690024,0.00030799168469132282,0.00032080946787222086,0.00033759123702750812,0.00033234131170491854,3.0607618407536017,0.00035857762413049068,0.00030946592035821339
0.00030261833903158107,0.0003294251876607899,0.00035130970426335039,2.5633393419913508,0.00033450675180074068,0.00032938203249253251,0.00031196371439930182,0.00030196257476026122,0.00030091646426957101,0.00031073027396276225,0.00033289596017148344,0.00034781466390653446,2.843161689018368,0.00035381189362296679,0.00033709706042731475,0.00030545725876069682
0.0003020097716947785,0.00032505947363988018,0.00038013245677039173,3.0316004550496487,2.9004380238991416,0.0003306170361717028,0.00032116514055795345,0.00030619257146132336,0.0003019401644698318,0.00031547699219783407,0.00033165321740870698,2.6563650832201229,2.9315635387369379,0.00037573447225668685,0.00032691683261304542,0.00030308165674424429
0.0003013963428288803,0.00031375020572747115,0.00033150722777163297,0.00033036004611752378,0.00032387055798856689,3.0133987678939271,3.24975064823865,0.00032109682636286495,0.00030759751679634352,2.5817510916160775,2.4066982508377346,0.00031267313054462537,0.00032177917457219677,0.00032767160601092777,0.00031349623246326453,0.00030165957967273599
0.0003008184261415879,0.00030669527843428133,0.00031359470716995204,0.00031605223099049685,0.00031328626705054321,0.00030207352444857949,0.00030280531613041618,0.00030301516198501054,0.00030050542842429703,0.00030118472420229782,0.00030149762596548096,0.00030917318758836155,0.00031250525060462237,0.00031186334164917489,0.00030629117597223769,0.00030083076359580419
0.00030055190192555581,0.00030427938441671365,0.0003085816896168397,0.00030959873554537148,0.00030599135177923896,0.00030129633412502175,0.0003000054932646031,0.00030011273901747374,0.00030000485989728492,0.00030000501482050517,0.00030126737962762309,0.00030539239037343635,0.00030873123662087786,0.00030806557456126965,0.00030413876491753439,0.0003005418557895772
