1,1,1,1,1,1,1,1,1,1,1,1,1,1,1,1
1.0001763912605235,1.0001763912605235,1.0001763912605235,1.0001763912605235,1.0001763912605235,1.0001763912605235,1.0001763912605235,1.0001763912605235,1.0001763912605235,1.0001763912605235,1.0001763912605235,1.0001763912605235,1.0001763912605235,1.0001763912605235,1.0001763912605235,1.0001763912605235
1.0002494549129164,1.0002494549129164,1.0002494549129164,1.0002494549129164,1.0002494549129164,1.0002494549129164,1.0002494549129164,1.0002494549129164,1.0002494549129164,1.0002494549129164,1.0002494549129164,1.0002494549129164,1.0002494549129164,1.0002494549129164,1.0002494549129164,1.0002494549129164
1.0001763912605235,1.0001763912605235,1.0001763912605235,1.0001763912605235,1.0001763912605235,1.0001763912605235,1.0001763912605235,1.0001763912605235,1.0001763912605235,1.0001763912605235,1.0001763912605235,1.0001763912605235,1.0001763912605235,1.0001763912605235,1.0001763912605235,1.0001763912605235
1,1,1,1,1,1,1,1,1,1,1,1,1,1,1,1
0.99982360873947651,0.99982360873947651,0.99982360873947651,0.99982360873947651,0.99982360873947651,0.99982360873947651,0.99982360873947651,0.99982360873947651,0.99982360873947651,0.99982360873947651,0.99982360873947651,0.99982360873947651,0.99982360873947651,0.99982360873947651,0.99982360873947651,0.99982360873947651
0.99975054508708372,0.99975054508708372,0.99975054508708372,0.99975054508708372,0.99975054508708372,0.99975054508708372,0.99975054508708372,0.99975054508708372,0.99975054508708372,0.99975054508708372,0.99975054508708372,0.99975054508708372,0.99975054508708372,0.99975054508708372,0.99975054508708372,0.99975054508708372
0.99982360873947651,0.99982360873947651,0.99982360873947651,0.99982360873947651,0.99982360873947651,0.99982360873947651,0.99982360873947651,0.99982360873947651,0.99982360873947651,0.99982360873947651,0.99982360873947651,0.99982360873947651,0.99982360873947651,0.99982360873947651,0.99982360873947651,0.99982360873947651
1,1,1,1,1,1,1,1,1,1,1,1,1,1,1,1
1.0001763912605235,1.0001763912605235,1.0001763912605235,1.0001763912605235,1.0001763912605235,1.0001763912605235,1.0001763912605235,1.0001763912605235,1.0001763912605235,1.0001763912605235,1.0001763912605235,1.0001763912605235,1.0001763912605235,1.0001763912605235,1.0001763912605235,1.0001763912605235
1.0002494549129164,1.0002494549129164,1.0002494549129164,1.0002494549129164,1.0002494549129164,1.0002494549129164,1.0002494549129164,1.0002494549129164,1.0002494549129164,1.0002494549129164,1.0002494549129164,1.0002494549129164,1.0002494549129164,1.0002494549129164,1.0002494549129164,1.0002494549129164
1.0001763912605235,1.0001763912605235,1.0001763912605235,1.0001763912605235,1.0001763912605235,1.0001763912605235,1.0001763912605235,1.0001763912605235,1.0001763912605235,1.0001763912605235,1.0001763912605235,1.0001763912605235,1.0001763912605235,1.0001763912605235,1.0001763912605235,1.0001763912605235
1,1,1,1,1,1,1,1,1,1,1,1,1,1,1,1
0.99982360873947651,0.99982360873947651,0.99982360873947651,0.99982360873947651,0.99982360873947651,0.99982360873947651,0.99982360873947651,0.99982360873947651,0.99982360873947651,0.99982360873947651,0.99982360873947651,0.99982360873947651,0.99982360873947651,0.99982360873947651,0.99982360873947651,0.99982360873947651
0.99975054508708372,0.99975054508708372,0.99975054508708372,0.99975054508708372,0.99975054508708372,0.99975054508708372,0.99975054508708372,0.99975054508708372,0.99975054508708372,0.99975054508708372,0.99975054508708372,0.99975054508708372,0.99975054508708372,0.99975054508708372,0.99975054508708372,0.99975054508708372
0.99982360873947651,0.99982360873947651,0.99982360873947651,0.99982360873947651,0.99982360873947651,0.99982360873947651,0.99982360873947651,0.99982360873947651,0.99982360873947651,0.99982360873947651,0.99982360873947651,0.99982360873947651,0.99982360873947651,0.99982360873947651,0.99982360873947651,0.99982360873947651
0,0,0,0,0,0,0,0,0,0,0,0,0,0,0,0
0.00043206858336876033,0.00043206858336876033,0.00043206858336876033,0.00043206858336876033,0.00043206858336876033,0.00043206858336876033,0.00043206858336876033,0.00043206858336876033,0.00043206858336876033,0.00043206858336876033,0.00043206858336876033,0.00043206858336876033,0.00043206858336876033,0.00043206858336876033,0.00043206858336876033,0.00043206858336876033
0.00061103725047543123,0.00061103725047543123,0.00061103725047543123,0.00061103725047543123,0.00061103725047543123,0.00061103725047543123,0.00061103725047543123,0.00061103725047543123,0.00061103725047543123,0.00061103725047543123,0.00061103725047543123,0.00061103725047543123,0.00061103725047543123,0.00061103725047543123,0.00061103725047543123,0.00061103725047543123
0.00043206858336876044,0.00043206858336876044,0.00043206858336876044,0.00043206858336876044,0.00043206858336876044,0.00043206858336876044,0.00043206858336876044,0.00043206858336876044,0.00043206858336876044,0.00043206858336876044,0.00043206858336876044,0.00043206858336876044,0.00043206858336876044,0.00043206858336876044,0.00043206858336876044,0.00043206858336876044
7.4830481295453642e-20,7.4830481295453642e-20,7.4830481295453642e-20,7.4830481295453642e-20,7.4830481295453642e-20,7.4830481295453642e-20,7.4830481295453642e-20,7.4830481295453642e-20,7.4830481295453642e-20,7.4830481295453642e-20,7.4830481295453642e-20,7.4830481295453642e-20,7.4830481295453642e-20,7.4830481295453642e-20,7.4830481295453642e-20,7.4830481295453642e-20
-0.00043206858336876033,-0.00043206858336876033,-0.00043206858336876033,-0.00043206858336876033,-0.00043206858336876033,-0.00043206858336876033,-0.00043206858336876033,-0.00043206858336876033,-0.00043206858336876033,-0.00043206858336876033,-0.00043206858336876033,-0.00043206858336876033,-0.00043206858336876033,-0.00043206858336876033,-0.00043206858336876033,-0.00043206858336876033
-0.00061103725047543123,-0.00061103725047543123,-0.00061103725047543123,-0.00061103725047543123,-0.00061103725047543123,-0.00061103725047543123,-0.00061103725047543123,-0.00061103725047543123,-0.00061103725047543123,-0.00061103725047543123,-0.00061103725047543123,-0.00061103725047543123,-0.00061103725047543123,-0.00061103725047543123,-0.00061103725047543123,-0.00061103725047543123
-0.0004320685833687605,-0.0004320685833687605,-0.0004320685833687605,-0.0004320685833687605,-0.0004320685833687605,-0.0004320685833687605,-0.0004320685833687605,-0.0004320685833687605,-0.0004320685833687605,-0.0004320685833687605,-0.0004320685833687605,-0.0004320685833687605,-0.0004320685833687605,-0.0004320685833687605,-0.0004320685833687605,-0.0004320685833687605
-1.4966096259090728e-19,-1.4966096259090728e-19,-1.4966096259090728e-19,-1.4966096259090728e-19,-1.4966096259090728e-19,-1.4966096259090728e-19,-1.4966096259090728e-19,-1.4966096259090728e-19,-1.4966096259090728e-19,-1.4966096259090728e-19,-1.4966096259090728e-19,-1.4966096259090728e-19,-1.4966096259090728e-19,-1.4966096259090728e-19,-1.4966096259090728e-19,-1.4966096259090728e-19
0.00043206858336876028,0.00043206858336876028,0.00043206858336876028,0.00043206858336876028,0.00043206858336876028,0.00043206858336876028,0.00043206858336876028,0.00043206858336876028,0.00043206858336876028,0.00043206858336876028,0.00043206858336876028,0.00043206858336876028,0.00043206858336876028,0.00043206858336876028,0.00043206858336876028,0.00043206858336876028
0.00061103725047543123,0.00061103725047543123,0.00061103725047543123,0.00061103725047543123,0.00061103725047543123,0.00061103725047543123,0.00061103725047543123,0.00061103725047543123,0.00061103725047543123,0.00061103725047543123,0.00061103725047543123,0.00061103725047543123,0.00061103725047543123,0.00061103725047543123,0.00061103725047543123,0.00061103725047543123
0.00043206858336876098,0.00043206858336876098,0.00043206858336876098,0.00043206858336876098,0.00043206858336876098,0.00043206858336876098,0.00043206858336876098,0.00043206858336876098,0.00043206858336876098,0.00043206858336876098,0.00043206858336876098,0.00043206858336876098,0.00043206858336876098,0.00043206858336876098,0.00043206858336876098,0.00043206858336876098
2.244914438863609e-19,2.244914438863609e-19,2.244914438863609e-19,2.244914438863609e-19,2.244914438863609e-19,2.244914438863609e-19,2.244914438863609e-19,2.244914438863609e-19,2.244914438863609e-19,2.244914438863609e-19,2.244914438863609e-19,2.244914438863609e-19,2.244914438863609e-19,2.244914438863609e-19,2.244914438863609e-19,2.244914438863609e-19
-0.0004320685833687606,-0.0004320685833687606,-0.0004320685833687606,-0.0004320685833687606,-0.0004320685833687606,-0.0004320685833687606,-0.0004320685833687606,-0.0004320685833687606,-0.0004320685833687606,-0.0004320685833687606,-0.0004320685833687606,-0.0004320685833687606,-0.0004320685833687606,-0.0004320685833687606,-0.0004320685833687606,-0.0004320685833687606
-0.00061103725047543123,-0.00061103725047543123,-0.00061103725047543123,-0.00061103725047543123,-0.00061103725047543123,-0.00061103725047543123,-0.00061103725047543123,-0.00061103725047543123,-0.00061103725047543123,-0.00061103725047543123,-0.00061103725047543123,-0.00061103725047543123,-0.00061103725047543123,-0.00061103725047543123,-0.00061103725047543123,-0.00061103725047543123
-0.00043206858336876098,-0.00043206858336876098,-0.00043206858336876098,-0.00043206858336876098,-0.00043206858336876098,-0.00043206858336876098,-0.00043206858336876098,-0.00043206858336876098,-0.00043206858336876098,-0.00043206858336876098,-0.00043206858336876098,-0.00043206858336876098,-0.00043206858336876098,-0.00043206858336876098,-0.00043206858336876098,-0.00043206858336876098
1,1,1,1,1,1,1,1,1,1,1,1,1,1,1,1
1.0010583475631407,1.0010583475631407,1.0010583475631407,1.0010583475631407,1.0010583475631407,1.0010583475631407,1.0010583475631407,1.0010583475631407,1.0010583475631407,1.0010583475631407,1.0010583475631407,1.0010583475631407,1.0010583475631407,1.0010583475631407,1.0010583475631407,1.0010583475631407
1.0014967294774979,1.0014967294774979,1.0014967294774979,1.0014967294774979,1.0014967294774979,1.0014967294774979,1.0014967294774979,1.0014967294774979,1.0014967294774979,1.0014967294774979,1.0014967294774979,1.0014967294774979,1.0014967294774979,1.0014967294774979,1.0014967294774979,1.0014967294774979
1.0010583475631407,1.0010583475631407,1.0010583475631407,1.0010583475631407,1.0010583475631407,1.0010583475631407,1.0010583475631407,1.0010583475631407,1.0010583475631407,1.0010583475631407,1.0010583475631407,1.0010583475631407,1.0010583475631407,1.0010583475631407,1.0010583475631407,1.0010583475631407
1,1,1,1,1,1,1,1,1,1,1,1,1,1,1,1
0.9989416524368594,0.9989416524368594,0.9989416524368594,0.9989416524368594,0.9989416524368594,0.9989416524368594,0.9989416524368594,0.9989416524368594,0.9989416524368594,0.9989416524368594,0.9989416524368594,0.9989416524368594,0.9989416524368594,0.9989416524368594,0.9989416524368594,0.9989416524368594
0.99850327052250198,0.99850327052250198,0.99850327052250198,0.99850327052250198,0.99850327052250198,0.99850327052250198,0.99850327052250198,0.99850327052250198,0.99850327052250198,0.99850327052250198,0.99850327052250198,0.99850327052250198,0.99850327052250198,0.99850327052250198,0.99850327052250198,0.99850327052250198
0.9989416524368594,0.9989416524368594,0.9989416524368594,0.9989416524368594,0.9989416524368594,0.9989416524368594,0.9989416524368594,0.9989416524368594,0.9989416524368594,0.9989416524368594,0.9989416524368594,0.9989416524368594,0.9989416524368594,0.9989416524368594,0.9989416524368594,0.9989416524368594
1,1,1,1,1,1,1,1,1,1,1,1,1,1,1,1
1.0010583475631407,1.0010583475631407,1.0010583475631407,1.0010583475631407,1.0010583475631407,1.0010583475631407,1.0010583475631407,1.0010583475631407,1.0010583475631407,1.0010583475631407,1.0010583475631407,1.0010583475631407,1.0010583475631407,1.0010583475631407,1.0010583475631407,1.0010583475631407
1.0014967294774979,1.0014967294774979,1.0014967294774979,1.0014967294774979,1.0014967294774979,1.0014967294774979,1.0014967294774979,1.0014967294774979,1.0014967294774979,1.0014967294774979,1.0014967294774979,1.0014967294774979,1.0014967294774979,1.0014967294774979,1.0014967294774979,1.0014967294774979
1.0010583475631407,1.0010583475631407,1.0010583475631407,1.0010583475631407,1.0010583475631407,1.0010583475631407,1.0010583475631407,1.0010583475631407,1.0010583475631407,1.0010583475631407,1.0010583475631407,1.0010583475631407,1.0010583475631407,1.0010583475631407,1.0010583475631407,1.0010583475631407
1,1,1,1,1,1,1,1,1,1,1,1,1,1,1,1
0.9989416524368594,0.9989416524368594,0.9989416524368594,0.9989416524368594,0.9989416524368594,0.9989416524368594,0.9989416524368594,0.9989416524368594,0.9989416524368594,0.9989416524368594,0.9989416524368594,0.9989416524368594,0.9989416524368594,0.9989416524368594,0.9989416524368594,0.9989416524368594
0.99850327052250198,0.99850327052250198,0.99850327052250198,0.99850327052250198,0.99850327052250198,0.99850327052250198,0.99850327052250198,0.99850327052250198,0.99850327052250198,0.99850327052250198,0.99850327052250198,0.99850327052250198,0.99850327052250198,0.99850327052250198,0.99850327052250198,0.99850327052250198
0.9989416524368594,0.9989416524368594,0.9989416524368594,0.9989416524368594,0.9989416524368594,0.9989416524368594,0.9989416524368594,0.9989416524368594,0.9989416524368594,0.9989416524368594,0.9989416524368594,0.9989416524368594,0.9989416524368594,0.9989416524368594,0.9989416524368594,0.9989416524368594
0,0,0,0,0,0,0,0,0,0,0,0,0,0,0,0
0.0025924115002125634,0.0025924115002125634,0.0025924115002125634,0.0025924115002125634,0.0025924115002125634,0.0025924115002125634,0.0025924115002125634,0.0025924115002125634,0.0025924115002125634,0.0025924115002125634,0.0025924115002125634,0.0025924115002125634,0.0025924115002125634,0.0025924115002125634,0.0025924115002125634,0.0025924115002125634
0.0036662235028525891,0.0036662235028525891,0.0036662235028525891,0.0036662235028525891,0.0036662235028525891,0.0036662235028525891,0.0036662235028525891,0.0036662235028525891,0.0036662235028525891,0.0036662235028525891,0.0036662235028525891,0.0036662235028525891,0.0036662235028525891,0.0036662235028525891,0.0036662235028525891,0.0036662235028525891
0.0025924115002125638,0.0025924115002125638,0.0025924115002125638,0.0025924115002125638,0.0025924115002125638,0.0025924115002125638,0.0025924115002125638,0.0025924115002125638,0.0025924115002125638,0.0025924115002125638,0.0025924115002125638,0.0025924115002125638,0.0025924115002125638,0.0025924115002125638,0.0025924115002125638,0.0025924115002125638
4.48982887772722e-19,4.48982887772722e-19,4.48982887772722e-19,4.48982887772722e-19,4.48982887772722e-19,4.48982887772722e-19,4.48982887772722e-19,4.48982887772722e-19,4.48982887772722e-19,4.48982887772722e-19,4.48982887772722e-19,4.48982887772722e-19,4.48982887772722e-19,4.48982887772722e-19,4.48982887772722e-19,4.48982887772722e-19
-0.0025924115002125634,-0.0025924115002125634,-0.0025924115002125634,-0.0025924115002125634,-0.0025924115002125634,-0.0025924115002125634,-0.0025924115002125634,-0.0025924115002125634,-0.0025924115002125634,-0.0025924115002125634,-0.0025924115002125634,-0.0025924115002125634,-0.0025924115002125634,-0.0025924115002125634,-0.0025924115002125634,-0.0025924115002125634
-0.0036662235028525891,-0.0036662235028525891,-0.0036662235028525891,-0.0036662235028525891,-0.0036662235028525891,-0.0036662235028525891,-0.0036662235028525891,-0.0036662235028525891,-0.0036662235028525891,-0.0036662235028525891,-0.0036662235028525891,-0.0036662235028525891,-0.0036662235028525891,-0.0036662235028525891,-0.0036662235028525891,-0.0036662235028525891
-0.0025924115002125643,-0.0025924115002125643,-0.0025924115002125643,-0.0025924115002125643,-0.0025924115002125643,-0.0025924115002125643,-0.0025924115002125643,-0.0025924115002125643,-0.0025924115002125643,-0.0025924115002125643,-0.0025924115002125643,-0.0025924115002125643,-0.0025924115002125643,-0.0025924115002125643,-0.0025924115002125643,-0.0025924115002125643
-8.97965775545444e-19,-8.97965775545444e-19,-8.97965775545444e-19,-8.97965775545444e-19,-8.97965775545444e-19,-8.97965775545444e-19,-8.97965775545444e-19,-8.97965775545444e-19,-8.97965775545444e-19,-8.97965775545444e-19,-8.97965775545444e-19,-8.97965775545444e-19,-8.97965775545444e-19,-8.97965775545444e-19,-8.97965775545444e-19,-8.97965775545444e-19
0.002592411500212563,0.002592411500212563,0.002592411500212563,0.002592411500212563,0.002592411500212563,0.002592411500212563,0.002592411500212563,0.002592411500212563,0.002592411500212563,0.002592411500212563,0.002592411500212563,0.002592411500212563,0.002592411500212563,0.002592411500212563,0.002592411500212563,0.002592411500212563
0.0036662235028525891,0.0036662235028525891,0.0036662235028525891,0.0036662235028525891,0.0036662235028525891,0.0036662235028525891,0.0036662235028525891,0.0036662235028525891,0.0036662235028525891,0.0036662235028525891,0.0036662235028525891,0.0036662235028525891,0.0036662235028525891,0.0036662235028525891,0.0036662235028525891,0.0036662235028525891
0.0025924115002125669,0.0025924115002125669,0.0025924115002125669,0.0025924115002125669,0.0025924115002125669,0.0025924115002125669,0.0025924115002125669,0.0025924115002125669,0.0025924115002125669,0.0025924115002125669,0.0025924115002125669,0.0025924115002125669,0.0025924115002125669,0.0025924115002125669,0.0025924115002125669,0.0025924115002125669
1.3469486633181661e-18,1.3469486633181661e-18,1.3469486633181661e-18,1.3469486633181661e-18,1.3469486633181661e-18,1.3469486633181661e-18,1.3469486633181661e-18,1.3469486633181661e-18,1.3469486633181661e-18,1.3469486633181661e-18,1.3469486633181661e-18,1.3469486633181661e-18,1.3469486633181661e-18,1.3469486633181661e-18,1.3469486633181661e-18,1.3469486633181661e-18
-0.0025924115002125651,-0.0025924115002125651,-0.0025924115002125651,-0.0025924115002125651,-0.0025924115002125651,-0.0025924115002125651,-0.0025924115002125651,-0.0025924115002125651,-0.0025924115002125651,-0.0025924115002125651,-0.0025924115002125651,-0.0025924115002125651,-0.0025924115002125651,-0.0025924115002125651,-0.0025924115002125651,-0.0025924115002125651
-0.0036662235028525891,-0.0036662235028525891,-0.0036662235028525891,-0.0036662235028525891,-0.0036662235028525891,-0.0036662235028525891,-0.0036662235028525891,-0.0036662235028525891,-0.0036662235028525891,-0.0036662235028525891,-0.0036662235028525891,-0.0036662235028525891,-0.0036662235028525891,-0.0036662235028525891,-0.0036662235028525891,-0.0036662235028525891
-0.0025924115002125669,-0.0025924115002125669,-0.0025924115002125669,-0.0025924115002125669,-0.0025924115002125669,-0.0025924115002125669,-0.0025924115002125669,-0.0025924115002125669,-0.0025924115002125669,-0.0025924115002125669,-0.0025924115002125669,-0.0025924115002125669,-0.0025924115002125669,-0.0025924115002125669,-0.0025924115002125669,-0.0025924115002125669
3,3,3,3,3,3,3,3,3,3,3,3,3,3,3,3
3.0063500853788439,3.0063500853788439,3.0063500853788439,3.0063500853788439,3.0063500853788439,3.0063500853788439,3.0063500853788439,3.0063500853788439,3.0063500853788439,3.0063500853788439,3.0063500853788439,3.0063500853788439,3.0063500853788439,3.0063500853788439,3.0063500853788439,3.0063500853788439
3.0089803768649879,3.0089803768649879,3.0089803768649879,3.0089803768649879,3.0089803768649879,3.0089803768649879,3.0089803768649879,3.0089803768649879,3.0089803768649879,3.0089803768649879,3.0089803768649879,3.0089803768649879,3.0089803768649879,3.0089803768649879,3.0089803768649879,3.0089803768649879
3.0063500853788439,3.0063500853788439,3.0063500853788439,3.0063500853788439,3.0063500853788439,3.0063500853788439,3.0063500853788439,3.0063500853788439,3.0063500853788439,3.0063500853788439,3.0063500853788439,3.0063500853788439,3.0063500853788439,3.0063500853788439,3.0063500853788439,3.0063500853788439
3,3,3,3,3,3,3,3,3,3,3,3,3,3,3,3
2.9936499146211561,2.9936499146211561,2.9936499146211561,2.9936499146211561,2.9936499146211561,2.9936499146211561,2.9936499146211561,2.9936499146211561,2.9936499146211561,2.9936499146211561,2.9936499146211561,2.9936499146211561,2.9936499146211561,2.9936499146211561,2.9936499146211561,2.9936499146211561
2.9910196231350121,2.9910196231350121,2.9910196231350121,2.9910196231350121,2.9910196231350121,2.9910196231350121,2.9910196231350121,2.9910196231350121,2.9910196231350121,2.9910196231350121,2.9910196231350121,2.9910196231350121,2.9910196231350121,2.9910196231350121,2.9910196231350121,2.9910196231350121
2.9936499146211561,2.9936499146211561,2.9936499146211561,2.9936499146211561,2.9936499146211561,2.9936499146211561,2.9936499146211561,2.9936499146211561,2.9936499146211561,2.9936499146211561,2.9936499146211561,2.9936499146211561,2.9936499146211561,2.9936499146211561,2.9936499146211561,2.9936499146211561
3,3,3,3,3,3,3,3,3,3,3,3,3,3,3,3
3.0063500853788439,3.0063500853788439,3.0063500853788439,3.0063500853788439,3.0063500853788439,3.0063500853788439,3.0063500853788439,3.0063500853788439,3.0063500853788439,3.0063500853788439,3.0063500853788439,3.0063500853788439,3.0063500853788439,3.0063500853788439,3.0063500853788439,3.0063500853788439
3.0089803768649879,3.0089803768649879,3.0089803768649879,3.0089803768649879,3.0089803768649879,3.0089803768649879,3.0089803768649879,3.0089803768649879,3.0089803768649879,3.0089803768649879,3.0089803768649879,3.0089803768649879,3.0089803768649879,3.0089803768649879,3.0089803768649879,3.0089803768649879
3.0063500853788439,3.0063500853788439,3.0063500853788439,3.0063500853788439,3.0063500853788439,3.0063500853788439,3.0063500853788439,3.0063500853788439,3.0063500853788439,3.0063500853788439,3.0063500853788439,3.0063500853788439,3.0063500853788439,3.0063500853788439,3.0063500853788439,3.0063500853788439
3,3,3,3,3,3,3,3,3,3,3,3,3,3,3,3
2.9936499146211561,2.9936499146211561,2.9936499146211561,2.9936499146211561,2.9936499146211561,2.9936499146211561,2.9936499146211561,2.9936499146211561,2.9936499146211561,2.9936499146211561,2.9936499146211561,2.9936499146211561,2.9936499146211561,2.9936499146211561,2.9936499146211561,2.9936499146211561
2.9910196231350121,2.9910196231350121,2.9910196231350121,2.9910196231350121,2.9910196231350121,2.9910196231350121,2.9910196231350121,2.9910196231350121,2.9910196231350121,2.9910196231350121,2.9910196231350121,2.9910196231350121,2.9910196231350121,2.9910196231350121,2.9910196231350121,2.9910196231350121
2.9936499146211561,2.9936499146211561,2.9936499146211561,2.9936499146211561,2.9936499146211561,2.9936499146211561,2.9936499146211561,2.9936499146211561,2.9936499146211561,2.9936499146211561,2.9936499146211561,2.9936499146211561,2.9936499146211561,2.9936499146211561,2.9936499146211561,2.9936499146211561
0,0,0,0,0,0,0,0,0,0,0,0,0,0,0,0
1.2005450396838429e-20,1.2005450396838429e-20,1.2005450396838429e-20,1.2005450396838429e-20,1.2005450396838429e-20,1.2005450396838429e-20,1.2005450396838429e-20,1.2005450396838429e-20,1.2005450396838429e-20,1.2005450396838429e-20,1.2005450396838429e-20,1.2005450396838429e-20,1.2005450396838429e-20,1.2005450396838429e-20,1.2005450396838429e-20,1.2005450396838429e-20
1.6978270773606364e-20,1.6978270773606364e-20,1.6978270773606364e-20,1.6978270773606364e-20,1.6978270773606364e-20,1.6978270773606364e-20,1.6978270773606364e-20,1.6978270773606364e-20,1.6978270773606364e-20,1.6978270773606364e-20,1.6978270773606364e-20,1.6978270773606364e-20,1.6978270773606364e-20,1.6978270773606364e-20,1.6978270773606364e-20,1.6978270773606364e-20
1.2005450396838431e-20,1.2005450396838431e-20,1.2005450396838431e-20,1.2005450396838431e-20,1.2005450396838431e-20,1.2005450396838431e-20,1.2005450396838431e-20,1.2005450396838431e-20,1.2005450396838431e-20,1.2005450396838431e-20,1.2005450396838431e-20,1.2005450396838431e-20,1.2005450396838431e-20,1.2005450396838431e-20,1.2005450396838431e-20,1.2005450396838431e-20
2.0792384957954091e-36,2.0792384957954091e-36,2.0792384957954091e-36,2.0792384957954091e-36,2.0792384957954091e-36,2.0792384957954091e-36,2.0792384957954091e-36,2.0792384957954091e-36,2.0792384957954091e-36,2.0792384957954091e-36,2.0792384957954091e-36,2.0792384957954091e-36,2.0792384957954091e-36,2.0792384957954091e-36,2.0792384957954091e-36,2.0792384957954091e-36
-1.2005450396838429e-20,-1.2005450396838429e-20,-1.2005450396838429e-20,-1.2005450396838429e-20,-1.2005450396838429e-20,-1.2005450396838429e-20,-1.2005450396838429e-20,-1.2005450396838429e-20,-1.2005450396838429e-20,-1.2005450396838429e-20,-1.2005450396838429e-20,-1.2005450396838429e-20,-1.2005450396838429e-20,-1.2005450396838429e-20,-1.2005450396838429e-20,-1.2005450396838429e-20
-1.6978270773606364e-20,-1.6978270773606364e-20,-1.6978270773606364e-20,-1.6978270773606364e-20,-1.6978270773606364e-20,-1.6978270773606364e-20,-1.6978270773606364e-20,-1.6978270773606364e-20,-1.6978270773606364e-20,-1.6978270773606364e-20,-1.6978270773606364e-20,-1.6978270773606364e-20,-1.6978270773606364e-20,-1.6978270773606364e-20,-1.6978270773606364e-20,-1.6978270773606364e-20
-1.2005450396838432e-20,-1.2005450396838432e-20,-1.2005450396838432e-20,-1.2005450396838432e-20,-1.2005450396838432e-20,-1.2005450396838432e-20,-1.2005450396838432e-20,-1.2005450396838432e-20,-1.2005450396838432e-20,-1.2005450396838432e-20,-1.2005450396838432e-20,-1.2005450396838432e-20,-1.2005450396838432e-20,-1.2005450396838432e-20,-1.2005450396838432e-20,-1.2005450396838432e-20
-4.1584769915908182e-36,-4.1584769915908182e-36,-4.1584769915908182e-36,-4.1584769915908182e-36,-4.1584769915908182e-36,-4.1584769915908182e-36,-4.1584769915908182e-36,-4.1584769915908182e-36,-4.1584769915908182e-36,-4.1584769915908182e-36,-4.1584769915908182e-36,-4.1584769915908182e-36,-4.1584769915908182e-36,-4.1584769915908182e-36,-4.1584769915908182e-36,-4.1584769915908182e-36
1.2005450396838428e-20,1.2005450396838428e-20,1.2005450396838428e-20,1.2005450396838428e-20,1.2005450396838428e-20,1.2005450396838428e-20,1.2005450396838428e-20,1.2005450396838428e-20,1.2005450396838428e-20,1.2005450396838428e-20,1.2005450396838428e-20,1.2005450396838428e-20,1.2005450396838428e-20,1.2005450396838428e-20,1.2005450396838428e-20,1.2005450396838428e-20
1.6978270773606364e-20,1.6978270773606364e-20,1.6978270773606364e-20,1.6978270773606364e-20,1.6978270773606364e-20,1.6978270773606364e-20,1.6978270773606364e-20,1.6978270773606364e-20,1.6978270773606364e-20,1.6978270773606364e-20,1.6978270773606364e-20,1.6978270773606364e-20,1.6978270773606364e-20,1.6978270773606364e-20,1.6978270773606364e-20,1.6978270773606364e-20
1.2005450396838446e-20,1.2005450396838446e-20,1.2005450396838446e-20,1.2005450396838446e-20,1.2005450396838446e-20,1.2005450396838446e-20,1.2005450396838446e-20,1.2005450396838446e-20,1.2005450396838446e-20,1.2005450396838446e-20,1.2005450396838446e-20,1.2005450396838446e-20,1.2005450396838446e-20,1.2005450396838446e-20,1.2005450396838446e-20,1.2005450396838446e-20
6.2377154873862263e-36,6.2377154873862263e-36,6.2377154873862263e-36,6.2377154873862263e-36,6.2377154873862263e-36,6.2377154873862263e-36,6.2377154873862263e-36,6.2377154873862263e-36,6.2377154873862263e-36,6.2377154873862263e-36,6.2377154873862263e-36,6.2377154873862263e-36,6.2377154873862263e-36,6.2377154873862263e-36,6.2377154873862263e-36,6.2377154873862263e-36
-1.2005450396838437e-20,-1.2005450396838437e-20,-1.2005450396838437e-20,-1.2005450396838437e-20,-1.2005450396838437e-20,-1.2005450396838437e-20,-1.2005450396838437e-20,-1.2005450396838437e-20,-1.2005450396838437e-20,-1.2005450396838437e-20,-1.2005450396838437e-20,-1.2005450396838437e-20,-1.2005450396838437e-20,-1.2005450396838437e-20,-1.2005450396838437e-20,-1.2005450396838437e-20
-1.6978270773606364e-20,-1.6978270773606364e-20,-1.6978270773606364e-20,-1.6978270773606364e-20,-1.6978270773606364e-20,-1.6978270773606364e-20,-1.6978270773606364e-20,-1.6978270773606364e-20,-1.6978270773606364e-20,-1.6978270773606364e-20,-1.6978270773606364e-20,-1.6978270773606364e-20,-1.6978270773606364e-20,-1.6978270773606364e-20,-1.6978270773606364e-20,-1.6978270773606364e-20
-1.2005450396838446e-20,-1.2005450396838446e-20,-1.2005450396838446e-20,-1.2005450396838446e-20,-1.2005450396838446e-20,-1.2005450396838446e-20,-1.2005450396838446e-20,-1.2005450396838446e-20,-1.2005450396838446e-20,-1.2005450396838446e-20,-1.2005450396838446e-20,-1.2005450396838446e-20,-1.2005450396838446e-20,-1.2005450396838446e-20,-1.2005450396838446e-20,-1.2005450396838446e-20
0,0,0,0,0,0,0,0,0,0,0,0,0,0,0,0
2.5678737267846639e-23,2.5678737267846639e-23,2.5678737267846639e-23,2.5678737267846639e-23,2.5678737267846639e-23,2.5678737267846639e-23,2.5678737267846639e-23,2.5678737267846639e-23,2.5678737267846639e-23,2.5678737267846639e-23,2.5678737267846639e-23,2.5678737267846639e-23,2.5678737267846639e-23,2.5678737267846639e-23,2.5678737267846639e-23,2.5678737267846639e-23
3.6315218508804157e-23,3.6315218508804157e-23,3.6315218508804157e-23,3.6315218508804157e-23,3.6315218508804157e-23,3.6315218508804157e-23,3.6315218508804157e-23,3.6315218508804157e-23,3.6315218508804157e-23,3.6315218508804157e-23,3.6315218508804157e-23,3.6315218508804157e-23,3.6315218508804157e-23,3.6315218508804157e-23,3.6315218508804157e-23,3.6315218508804157e-23
2.5678737267846642e-23,2.5678737267846642e-23,2.5678737267846642e-23,2.5678737267846642e-23,2.5678737267846642e-23,2.5678737267846642e-23,2.5678737267846642e-23,2.5678737267846642e-23,2.5678737267846642e-23,2.5678737267846642e-23,2.5678737267846642e-23,2.5678737267846642e-23,2.5678737267846642e-23,2.5678737267846642e-23,2.5678737267846642e-23,2.5678737267846642e-23
4.4473316107143725e-39,4.4473316107143725e-39,4.4473316107143725e-39,4.4473316107143725e-39,4.4473316107143725e-39,4.4473316107143725e-39,4.4473316107143725e-39,4.4473316107143725e-39,4.4473316107143725e-39,4.4473316107143725e-39,4.4473316107143725e-39,4.4473316107143725e-39,4.4473316107143725e-39,4.4473316107143725e-39,4.4473316107143725e-39,4.4473316107143725e-39
-2.5678737267846639e-23,-2.5678737267846639e-23,-2.5678737267846639e-23,-2.5678737267846639e-23,-2.5678737267846639e-23,-2.5678737267846639e-23,-2.5678737267846639e-23,-2.5678737267846639e-23,-2.5678737267846639e-23,-2.5678737267846639e-23,-2.5678737267846639e-23,-2.5678737267846639e-23,-2.5678737267846639e-23,-2.5678737267846639e-23,-2.5678737267846639e-23,-2.5678737267846639e-23
-3.6315218508804157e-23,-3.6315218508804157e-23,-3.6315218508804157e-23,-3.6315218508804157e-23,-3.6315218508804157e-23,-3.6315218508804157e-23,-3.6315218508804157e-23,-3.6315218508804157e-23,-3.6315218508804157e-23,-3.6315218508804157e-23,-3.6315218508804157e-23,-3.6315218508804157e-23,-3.6315218508804157e-23,-3.6315218508804157e-23,-3.6315218508804157e-23,-3.6315218508804157e-23
-2.5678737267846648e-23,-2.5678737267846648e-23,-2.5678737267846648e-23,-2.5678737267846648e-23,-2.5678737267846648e-23,-2.5678737267846648e-23,-2.5678737267846648e-23,-2.5678737267846648e-23,-2.5678737267846648e-23,-2.5678737267846648e-23,-2.5678737267846648e-23,-2.5678737267846648e-23,-2.5678737267846648e-23,-2.5678737267846648e-23,-2.5678737267846648e-23,-2.5678737267846648e-23
-8.8946632214287451e-39,-8.8946632214287451e-39,-8.8946632214287451e-39,-8.8946632214287451e-39,-8.8946632214287451e-39,-8.8946632214287451e-39,-8.8946632214287451e-39,-8.8946632214287451e-39,-8.8946632214287451e-39,-8.8946632214287451e-39,-8.8946632214287451e-39,-8.8946632214287451e-39,-8.8946632214287451e-39,-8.8946632214287451e-39,-8.8946632214287451e-39,-8.8946632214287451e-39
2.5678737267846636e-23,2.5678737267846636e-23,2.5678737267846636e-23,2.5678737267846636e-23,2.5678737267846636e-23,2.5678737267846636e-23,2.5678737267846636e-23,2.5678737267846636e-23,2.5678737267846636e-23,2.5678737267846636e-23,2.5678737267846636e-23,2.5678737267846636e-23,2.5678737267846636e-23,2.5678737267846636e-23,2.5678737267846636e-23,2.5678737267846636e-23
3.6315218508804157e-23,3.6315218508804157e-23,3.6315218508804157e-23,3.6315218508804157e-23,3.6315218508804157e-23,3.6315218508804157e-23,3.6315218508804157e-23,3.6315218508804157e-23,3.6315218508804157e-23,3.6315218508804157e-23,3.6315218508804157e-23,3.6315218508804157e-23,3.6315218508804157e-23,3.6315218508804157e-23,3.6315218508804157e-23,3.6315218508804157e-23
2.5678737267846675e-23,2.5678737267846675e-23,2.5678737267846675e-23,2.5678737267846675e-23,2.5678737267846675e-23,2.5678737267846675e-23,2.5678737267846675e-23,2.5678737267846675e-23,2.5678737267846675e-23,2.5678737267846675e-23,2.5678737267846675e-23,2.5678737267846675e-23,2.5678737267846675e-23,2.5678737267846675e-23,2.5678737267846675e-23,2.5678737267846675e-23
1.3341994832143117e-38,1.3341994832143117e-38,1.3341994832143117e-38,1.3341994832143117e-38,1.3341994832143117e-38,1.3341994832143117e-38,1.3341994832143117e-38,1.3341994832143117e-38,1.3341994832143117e-38,1.3341994832143117e-38,1.3341994832143117e-38,1.3341994832143117e-38,1.3341994832143117e-38,1.3341994832143117e-38,1.3341994832143117e-38,1.3341994832143117e-38
-2.5678737267846657e-23,-2.5678737267846657e-23,-2.5678737267846657e-23,-2.5678737267846657e-23,-2.5678737267846657e-23,-2.5678737267846657e-23,-2.5678737267846657e-23,-2.5678737267846657e-23,-2.5678737267846657e-23,-2.5678737267846657e-23,-2.5678737267846657e-23,-2.5678737267846657e-23,-2.5678737267846657e-23,-2.5678737267846657e-23,-2.5678737267846657e-23,-2.5678737267846657e-23
-3.6315218508804157e-23,-3.6315218508804157e-23,-3.6315218508804157e-23,-3.6315218508804157e-23,-3.6315218508804157e-23,-3.6315218508804157e-23,-3.6315218508804157e-23,-3.6315218508804157e-23,-3.6315218508804157e-23,-3.6315218508804157e-23,-3.6315218508804157e-23,-3.6315218508804157e-23,-3.6315218508804157e-23,-3.6315218508804157e-23,-3.6315218508804157e-23,-3.6315218508804157e-23
-2.5678737267846675e-23,-2.5678737267846675e-23,-2.5678737267846675e-23,-2.5678737267846675e-23,-2.5678737267846675e-23,-2.5678737267846675e-23,-2.5678737267846675e-23,-2.5678737267846675e-23,-2.5678737267846675e-23,-2.5678737267846675e-23,-2.5678737267846675e-23,-2.5678737267846675e-23,-2.5678737267846675e-23,-2.5678737267846675e-23,-2.5678737267846675e-23,-2.5678737267846675e-23
0,0,0,0,0,0,0,0,0,0,0,0,0,0,0,0
-2.9128603470505439e-21,-2.9128603470505439e-21,-2.9128603470505439e-21,-2.9128603470505439e-21,-2.9128603470505439e-21,-2.9128603470505439e-21,-2.9128603470505439e-21,-2.9128603470505439e-21,-2.9128603470505439e-21,-2.9128603470505439e-21,-2.9128603470505439e-21,-2.9128603470505439e-21,-2.9128603470505439e-21,-2.9128603470505439e-21,-2.9128603470505439e-21,-2.9128603470505439e-21
-4.1194066080976803e-21,-4.1194066080976803e-21,-4.1194066080976803e-21,-4.1194066080976803e-21,-4.1194066080976803e-21,-4.1194066080976803e-21,-4.1194066080976803e-21,-4.1194066080976803e-21,-4.1194066080976803e-21,-4.1194066080976803e-21,-4.1194066080976803e-21,-4.1194066080976803e-21,-4.1194066080976803e-21,-4.1194066080976803e-21,-4.1194066080976803e-21,-4.1194066080976803e-21
-2.9128603470505447e-21,-2.9128603470505447e-21,-2.9128603470505447e-21,-2.9128603470505447e-21,-2.9128603470505447e-21,-2.9128603470505447e-21,-2.9128603470505447e-21,-2.9128603470505447e-21,-2.9128603470505447e-21,-2.9128603470505447e-21,-2.9128603470505447e-21,-2.9128603470505447e-21,-2.9128603470505447e-21,-2.9128603470505447e-21,-2.9128603470505447e-21,-2.9128603470505447e-21
-5.0448181169932793e-37,-5.0448181169932793e-37,-5.0448181169932793e-37,-5.0448181169932793e-37,-5.0448181169932793e-37,-5.0448181169932793e-37,-5.0448181169932793e-37,-5.0448181169932793e-37,-5.0448181169932793e-37,-5.0448181169932793e-37,-5.0448181169932793e-37,-5.0448181169932793e-37,-5.0448181169932793e-37,-5.0448181169932793e-37,-5.0448181169932793e-37,-5.0448181169932793e-37
2.9128603470505439e-21,2.9128603470505439e-21,2.9128603470505439e-21,2.9128603470505439e-21,2.9128603470505439e-21,2.9128603470505439e-21,2.9128603470505439e-21,2.9128603470505439e-21,2.9128603470505439e-21,2.9128603470505439e-21,2.9128603470505439e-21,2.9128603470505439e-21,2.9128603470505439e-21,2.9128603470505439e-21,2.9128603470505439e-21,2.9128603470505439e-21
4.1194066080976803e-21,4.1194066080976803e-21,4.1194066080976803e-21,4.1194066080976803e-21,4.1194066080976803e-21,4.1194066080976803e-21,4.1194066080976803e-21,4.1194066080976803e-21,4.1194066080976803e-21,4.1194066080976803e-21,4.1194066080976803e-21,4.1194066080976803e-21,4.1194066080976803e-21,4.1194066080976803e-21,4.1194066080976803e-21,4.1194066080976803e-21
2.9128603470505451e-21,2.9128603470505451e-21,2.9128603470505451e-21,2.9128603470505451e-21,2.9128603470505451e-21,2.9128603470505451e-21,2.9128603470505451e-21,2.9128603470505451e-21,2.9128603470505451e-21,2.9128603470505451e-21,2.9128603470505451e-21,2.9128603470505451e-21,2.9128603470505451e-21,2.9128603470505451e-21,2.9128603470505451e-21,2.9128603470505451e-21
1.0089636233986559e-36,1.0089636233986559e-36,1.0089636233986559e-36,1.0089636233986559e-36,1.0089636233986559e-36,1.0089636233986559e-36,1.0089636233986559e-36,1.0089636233986559e-36,1.0089636233986559e-36,1.0089636233986559e-36,1.0089636233986559e-36,1.0089636233986559e-36,1.0089636233986559e-36,1.0089636233986559e-36,1.0089636233986559e-36,1.0089636233986559e-36
-2.9128603470505436e-21,-2.9128603470505436e-21,-2.9128603470505436e-21,-2.9128603470505436e-21,-2.9128603470505436e-21,-2.9128603470505436e-21,-2.9128603470505436e-21,-2.9128603470505436e-21,-2.9128603470505436e-21,-2.9128603470505436e-21,-2.9128603470505436e-21,-2.9128603470505436e-21,-2.9128603470505436e-21,-2.9128603470505436e-21,-2.9128603470505436e-21,-2.9128603470505436e-21
-4.1194066080976803e-21,-4.1194066080976803e-21,-4.1194066080976803e-21,-4.1194066080976803e-21,-4.1194066080976803e-21,-4.1194066080976803e-21,-4.1194066080976803e-21,-4.1194066080976803e-21,-4.1194066080976803e-21,-4.1194066080976803e-21,-4.1194066080976803e-21,-4.1194066080976803e-21,-4.1194066080976803e-21,-4.1194066080976803e-21,-4.1194066080976803e-21,-4.1194066080976803e-21
-2.9128603470505481e-21,-2.9128603470505481e-21,-2.9128603470505481e-21,-2.9128603470505481e-21,-2.9128603470505481e-21,-2.9128603470505481e-21,-2.9128603470505481e-21,-2.9128603470505481e-21,-2.9128603470505481e-21,-2.9128603470505481e-21,-2.9128603470505481e-21,-2.9128603470505481e-21,-2.9128603470505481e-21,-2.9128603470505481e-21,-2.9128603470505481e-21,-2.9128603470505481e-21
-1.5134454350979838e-36,-1.5134454350979838e-36,-1.5134454350979838e-36,-1.5134454350979838e-36,-1.5134454350979838e-36,-1.5134454350979838e-36,-1.5134454350979838e-36,-1.5134454350979838e-36,-1.5134454350979838e-36,-1.5134454350979838e-36,-1.5134454350979838e-36,-1.5134454350979838e-36,-1.5134454350979838e-36,-1.5134454350979838e-36,-1.5134454350979838e-36,-1.5134454350979838e-36
2.9128603470505458e-21,2.9128603470505458e-21,2.9128603470505458e-21,2.9128603470505458e-21,2.9128603470505458e-21,2.9128603470505458e-21,2.9128603470505458e-21,2.9128603470505458e-21,2.9128603470505458e-21,2.9128603470505458e-21,2.9128603470505458e-21,2.9128603470505458e-21,2.9128603470505458e-21,2.9128603470505458e-21,2.9128603470505458e-21,2.9128603470505458e-21
4.1194066080976803e-21,4.1194066080976803e-21,4.1194066080976803e-21,4.1194066080976803e-21,4.1194066080976803e-21,4.1194066080976803e-21,4.1194066080976803e-21,4.1194066080976803e-21,4.1194066080976803e-21,4.1194066080976803e-21,4.1194066080976803e-21,4.1194066080976803e-21,4.1194066080976803e-21,4.1194066080976803e-21,4.1194066080976803e-21,4.1194066080976803e-21
2.9128603470505481e-21,2.9128603470505481e-21,2.9128603470505481e-21,2.9128603470505481e-21,2.9128603470505481e-21,2.9128603470505481e-21,2.9128603470505481e-21,2.9128603470505481e-21,2.9128603470505481e-21,2.9128603470505481e-21,2.9128603470505481e-21,2.9128603470505481e-21,2.9128603470505481e-21,2.9128603470505481e-21,2.9128603470505481e-21,2.9128603470505481e-21
0,0,0,0,0,0,0,0,0,0,0,0,0,0,0,0
-1.4485125491655363e-20,-1.4485125491655363e-20,-1.4485125491655363e-20,-1.4485125491655363e-20,-1.4485125491655363e-20,-1.4485125491655363e-20,-1.4485125491655363e-20,-1.4485125491655363e-20,-1.4485125491655363e-20,-1.4485125491655363e-20,-1.4485125491655363e-20,-1.4485125491655363e-20,-1.4485125491655363e-20,-1.4485125491655363e-20,-1.4485125491655363e-20,-1.4485125491655363e-20
-2.048506092297526e-20,-2.048506092297526e-20,-2.048506092297526e-20,-2.048506092297526e-20,-2.048506092297526e-20,-2.048506092297526e-20,-2.048506092297526e-20,-2.048506092297526e-20,-2.048506092297526e-20,-2.048506092297526e-20,-2.048506092297526e-20,-2.048506092297526e-20,-2.048506092297526e-20,-2.048506092297526e-20,-2.048506092297526e-20,-2.048506092297526e-20
-1.4485125491655363e-20,-1.4485125491655363e-20,-1.4485125491655363e-20,-1.4485125491655363e-20,-1.4485125491655363e-20,-1.4485125491655363e-20,-1.4485125491655363e-20,-1.4485125491655363e-20,-1.4485125491655363e-20,-1.4485125491655363e-20,-1.4485125491655363e-20,-1.4485125491655363e-20,-1.4485125491655363e-20,-1.4485125491655363e-20,-1.4485125491655363e-20,-1.4485125491655363e-20
-2.5086964289660176e-36,-2.5086964289660176e-36,-2.5086964289660176e-36,-2.5086964289660176e-36,-2.5086964289660176e-36,-2.5086964289660176e-36,-2.5086964289660176e-36,-2.5086964289660176e-36,-2.5086964289660176e-36,-2.5086964289660176e-36,-2.5086964289660176e-36,-2.5086964289660176e-36,-2.5086964289660176e-36,-2.5086964289660176e-36,-2.5086964289660176e-36,-2.5086964289660176e-36
1.4485125491655363e-20,1.4485125491655363e-20,1.4485125491655363e-20,1.4485125491655363e-20,1.4485125491655363e-20,1.4485125491655363e-20,1.4485125491655363e-20,1.4485125491655363e-20,1.4485125491655363e-20,1.4485125491655363e-20,1.4485125491655363e-20,1.4485125491655363e-20,1.4485125491655363e-20,1.4485125491655363e-20,1.4485125491655363e-20,1.4485125491655363e-20
2.048506092297526e-20,2.048506092297526e-20,2.048506092297526e-20,2.048506092297526e-20,2.048506092297526e-20,2.048506092297526e-20,2.048506092297526e-20,2.048506092297526e-20,2.048506092297526e-20,2.048506092297526e-20,2.048506092297526e-20,2.048506092297526e-20,2.048506092297526e-20,2.048506092297526e-20,2.048506092297526e-20,2.048506092297526e-20
1.4485125491655366e-20,1.4485125491655366e-20,1.4485125491655366e-20,1.4485125491655366e-20,1.4485125491655366e-20,1.4485125491655366e-20,1.4485125491655366e-20,1.4485125491655366e-20,1.4485125491655366e-20,1.4485125491655366e-20,1.4485125491655366e-20,1.4485125491655366e-20,1.4485125491655366e-20,1.4485125491655366e-20,1.4485125491655366e-20,1.4485125491655366e-20
5.0173928579320352e-36,5.0173928579320352e-36,5.0173928579320352e-36,5.0173928579320352e-36,5.0173928579320352e-36,5.0173928579320352e-36,5.0173928579320352e-36,5.0173928579320352e-36,5.0173928579320352e-36,5.0173928579320352e-36,5.0173928579320352e-36,5.0173928579320352e-36,5.0173928579320352e-36,5.0173928579320352e-36,5.0173928579320352e-36,5.0173928579320352e-36
-1.448512549165536e-20,-1.448512549165536e-20,-1.448512549165536e-20,-1.448512549165536e-20,-1.448512549165536e-20,-1.448512549165536e-20,-1.448512549165536e-20,-1.448512549165536e-20,-1.448512549165536e-20,-1.448512549165536e-20,-1.448512549165536e-20,-1.448512549165536e-20,-1.448512549165536e-20,-1.448512549165536e-20,-1.448512549165536e-20,-1.448512549165536e-20
-2.048506092297526e-20,-2.048506092297526e-20,-2.048506092297526e-20,-2.048506092297526e-20,-2.048506092297526e-20,-2.048506092297526e-20,-2.048506092297526e-20,-2.048506092297526e-20,-2.048506092297526e-20,-2.048506092297526e-20,-2.048506092297526e-20,-2.048506092297526e-20,-2.048506092297526e-20,-2.048506092297526e-20,-2.048506092297526e-20,-2.048506092297526e-20
-1.4485125491655381e-20,-1.4485125491655381e-20,-1.4485125491655381e-20,-1.4485125491655381e-20,-1.4485125491655381e-20,-1.4485125491655381e-20,-1.4485125491655381e-20,-1.4485125491655381e-20,-1.4485125491655381e-20,-1.4485125491655381e-20,-1.4485125491655381e-20,-1.4485125491655381e-20,-1.4485125491655381e-20,-1.4485125491655381e-20,-1.4485125491655381e-20,-1.4485125491655381e-20
-7.5260892868980532e-36,-7.5260892868980532e-36,-7.5260892868980532e-36,-7.5260892868980532e-36,-7.5260892868980532e-36,-7.5260892868980532e-36,-7.5260892868980532e-36,-7.5260892868980532e-36,-7.5260892868980532e-36,-7.5260892868980532e-36,-7.5260892868980532e-36,-7.5260892868980532e-36,-7.5260892868980532e-36,-7.5260892868980532e-36,-7.5260892868980532e-36,-7.5260892868980532e-36
1.4485125491655372e-20,1.4485125491655372e-20,1.4485125491655372e-20,1.4485125491655372e-20,1.4485125491655372e-20,1.4485125491655372e-20,1.4485125491655372e-20,1.4485125491655372e-20,1.4485125491655372e-20,1.4485125491655372e-20,1.4485125491655372e-20,1.4485125491655372e-20,1.4485125491655372e-20,1.4485125491655372e-20,1.4485125491655372e-20,1.4485125491655372e-20
2.048506092297526e-20,2.048506092297526e-20,2.048506092297526e-20,2.048506092297526e-20,2.048506092297526e-20,2.048506092297526e-20,2.048506092297526e-20,2.048506092297526e-20,2.048506092297526e-20,2.048506092297526e-20,2.048506092297526e-20,2.048506092297526e-20,2.048506092297526e-20,2.048506092297526e-20,2.048506092297526e-20,2.048506092297526e-20
1.4485125491655381e-20,1.4485125491655381e-20,1.4485125491655381e-20,1.4485125491655381e-20,1.4485125491655381e-20,1.4485125491655381e-20,1.4485125491655381e-20,1.4485125491655381e-20,1.4485125491655381e-20,1.4485125491655381e-20,1.4485125491655381e-20,1.4485125491655381e-20,1.4485125491655381e-20,1.4485125491655381e-20,1.4485125491655381e-20,1.4485125491655381e-20
1,1,1,1,1,1,1,1,1,1,1,1,1,1,1,1
1.0001763912605235,1.0001763912605235,1.0001763912605235,1.0001763912605235,1.0001763912605235,1.0001763912605235,1.0001763912605235,1.0001763912605235,1.0001763912605235,1.0001763912605235,1.0001763912605235,1.0001763912605235,1.0001763912605235,1.0001763912605235,1.0001763912605235,1.0001763912605235
1.0002494549129164,1.0002494549129164,1.0002494549129164,1.0002494549129164,1.0002494549129164,1.0002494549129164,1.0002494549129164,1.0002494549129164,1.0002494549129164,1.0002494549129164,1.0002494549129164,1.0002494549129164,1.0002494549129164,1.0002494549129164,1.0002494549129164,1.0002494549129164
1.0001763912605235,1.0001763912605235,1.0001763912605235,1.0001763912605235,1.0001763912605235,1.0001763912605235,1.0001763912605235,1.0001763912605235,1.0001763912605235,1.0001763912605235,1.0001763912605235,1.0001763912605235,1.0001763912605235,1.0001763912605235,1.0001763912605235,1.0001763912605235
1,1,1,1,1,1,1,1,1,1,1,1,1,1,1,1
0.99982360873947651,0.99982360873947651,0.99982360873947651,0.99982360873947651,0.99982360873947651,0.99982360873947651,0.99982360873947651,0.99982360873947651,0.99982360873947651,0.99982360873947651,0.99982360873947651,0.99982360873947651,0.99982360873947651,0.99982360873947651,0.99982360873947651,0.99982360873947651
0.99975054508708372,0.99975054508708372,0.99975054508708372,0.99975054508708372,0.99975054508708372,0.99975054508708372,0.99975054508708372,0.99975054508708372,0.99975054508708372,0.99975054508708372,0.99975054508708372,0.99975054508708372,0.99975054508708372,0.99975054508708372,0.99975054508708372,0.99975054508708372
0.99982360873947651,0.99982360873947651,0.99982360873947651,0.99982360873947651,0.99982360873947651,0.99982360873947651,0.99982360873947651,0.99982360873947651,0.99982360873947651,0.99982360873947651,0.99982360873947651,0.99982360873947651,0.99982360873947651,0.99982360873947651,0.99982360873947651,0.99982360873947651
1,1,1,1,1,1,1,1,1,1,1,1,1,1,1,1
1.0001763912605235,1.0001763912605235,1.0001763912605235,1.0001763912605235,1.0001763912605235,1.0001763912605235,1.0001763912605235,1.0001763912605235,1.0001763912605235,1.0001763912605235,1.0001763912605235,1.0001763912605235,1.0001763912605235,1.0001763912605235,1.0001763912605235,1.0001763912605235
1.0002494549129164,1.0002494549129164,1.0002494549129164,1.0002494549129164,1.0002494549129164,1.0002494549129164,1.0002494549129164,1.0002494549129164,1.0002494549129164,1.0002494549129164,1.0002494549129164,1.0002494549129164,1.0002494549129164,1.0002494549129164,1.0002494549129164,1.0002494549129164
1.0001763912605235,1.0001763912605235,1.0001763912605235,1.0001763912605235,1.0001763912605235,1.0001763912605235,1.0001763912605235,1.0001763912605235,1.0001763912605235,1.0001763912605235,1.0001763912605235,1.0001763912605235,1.0001763912605235,1.0001763912605235,1.0001763912605235,1.0001763912605235
1,1,1,1,1,1,1,1,1,1,1,1,1,1,1,1
0.99982360873947651,0.99982360873947651,0.99982360873947651,0.99982360873947651,0.99982360873947651,0.99982360873947651,0.99982360873947651,0.99982360873947651,0.99982360873947651,0.99982360873947651,0.99982360873947651,0.99982360873947651,0.99982360873947651,0.99982360873947651,0.99982360873947651,0.99982360873947651
0.99975054508708372,0.99975054508708372,0.99975054508708372,0.99975054508708372,0.99975054508708372,0.99975054508708372,0.99975054508708372,0.99975054508708372,0.99975054508708372,0.99975054508708372,0.99975054508708372,0.99975054508708372,0.99975054508708372,0.99975054508708372,0.99975054508708372,0.99975054508708372
0.99982360873947651,0.99982360873947651,0.99982360873947651,0.99982360873947651,0.99982360873947651,0.99982360873947651,0.99982360873947651,0.99982360873947651,0.99982360873947651,0.99982360873947651,0.99982360873947651,0.99982360873947651,0.99982360873947651,0.99982360873947651,0.99982360873947651,0.99982360873947651
0,0,0,0,0,0,0,0,0,0,0,0,0,0,0,0
0.00043206858336876033,0.00043206858336876033,0.00043206858336876033,0.00043206858336876033,0.00043206858336876033,0.00043206858336876033,0.00043206858336876033,0.00043206858336876033,0.00043206858336876033,0.00043206858336876033,0.00043206858336876033,0.00043206858336876033,0.00043206858336876033,0.00043206858336876033,0.00043206858336876033,0.00043206858336876033
0.00061103725047543123,0.00061103725047543123,0.00061103725047543123,0.00061103725047543123,0.00061103725047543123,0.00061103725047543123,0.00061103725047543123,0.00061103725047543123,0.00061103725047543123,0.00061103725047543123,0.00061103725047543123,0.00061103725047543123,0.00061103725047543123,0.00061103725047543123,0.00061103725047543123,0.00061103725047543123
0.00043206858336876044,0.00043206858336876044,0.00043206858336876044,0.00043206858336876044,0.00043206858336876044,0.00043206858336876044,0.00043206858336876044,0.00043206858336876044,0.00043206858336876044,0.00043206858336876044,0.00043206858336876044,0.00043206858336876044,0.00043206858336876044,0.00043206858336876044,0.00043206858336876044,0.00043206858336876044
7.4830481295453642e-20,7.4830481295453642e-20,7.4830481295453642e-20,7.4830481295453642e-20,7.4830481295453642e-20,7.4830481295453642e-20,7.4830481295453642e-20,7.4830481295453642e-20,7.4830481295453642e-20,7.4830481295453642e-20,7.4830481295453642e-20,7.4830481295453642e-20,7.4830481295453642e-20,7.4830481295453642e-20,7.4830481295453642e-20,7.4830481295453642e-20
-0.00043206858336876033,-0.00043206858336876033,-0.00043206858336876033,-0.00043206858336876033,-0.00043206858336876033,-0.00043206858336876033,-0.00043206858336876033,-0.00043206858336876033,-0.00043206858336876033,-0.00043206858336876033,-0.00043206858336876033,-0.00043206858336876033,-0.00043206858336876033,-0.00043206858336876033,-0.00043206858336876033,-0.00043206858336876033
-0.00061103725047543123,-0.00061103725047543123,-0.00061103725047543123,-0.00061103725047543123,-0.00061103725047543123,-0.00061103725047543123,-0.00061103725047543123,-0.00061103725047543123,-0.00061103725047543123,-0.00061103725047543123,-0.00061103725047543123,-0.00061103725047543123,-0.00061103725047543123,-0.00061103725047543123,-0.00061103725047543123,-0.00061103725047543123
-0.0004320685833687605,-0.0004320685833687605,-0.0004320685833687605,-0.0004320685833687605,-0.0004320685833687605,-0.0004320685833687605,-0.0004320685833687605,-0.0004320685833687605,-0.0004320685833687605,-0.0004320685833687605,-0.0004320685833687605,-0.0004320685833687605,-0.0004320685833687605,-0.0004320685833687605,-0.0004320685833687605,-0.0004320685833687605
-1.4966096259090728e-19,-1.4966096259090728e-19,-1.4966096259090728e-19,-1.4966096259090728e-19,-1.4966096259090728e-19,-1.4966096259090728e-19,-1.4966096259090728e-19,-1.4966096259090728e-19,-1.4966096259090728e-19,-1.4966096259090728e-19,-1.4966096259090728e-19,-1.4966096259090728e-19,-1.4966096259090728e-19,-1.4966096259090728e-19,-1.4966096259090728e-19,-1.4966096259090728e-19
0.00043206858336876028,0.00043206858336876028,0.00043206858336876028,0.00043206858336876028,0.00043206858336876028,0.00043206858336876028,0.00043206858336876028,0.00043206858336876028,0.00043206858336876028,0.00043206858336876028,0.00043206858336876028,0.00043206858336876028,0.00043206858336876028,0.00043206858336876028,0.00043206858336876028,0.00043206858336876028
0.00061103725047543123,0.00061103725047543123,0.00061103725047543123,0.00061103725047543123,0.00061103725047543123,0.00061103725047543123,0.00061103725047543123,0.00061103725047543123,0.00061103725047543123,0.00061103725047543123,0.00061103725047543123,0.00061103725047543123,0.00061103725047543123,0.00061103725047543123,0.00061103725047543123,0.00061103725047543123
0.00043206858336876098,0.00043206858336876098,0.00043206858336876098,0.00043206858336876098,0.00043206858336876098,0.00043206858336876098,0.00043206858336876098,0.00043206858336876098,0.00043206858336876098,0.00043206858336876098,0.00043206858336876098,0.00043206858336876098,0.00043206858336876098,0.00043206858336876098,0.00043206858336876098,0.00043206858336876098
2.244914438863609e-19,2.244914438863609e-19,2.244914438863609e-19,2.244914438863609e-19,2.244914438863609e-19,2.244914438863609e-19,2.244914438863609e-19,2.244914438863609e-19,2.244914438863609e-19,2.244914438863609e-19,2.244914438863609e-19,2.244914438863609e-19,2.244914438863609e-19,2.244914438863609e-19,2.244914438863609e-19,2.244914438863609e-19
-0.0004320685833687606,-0.0004320685833687606,-0.0004320685833687606,-0.0004320685833687606,-0.0004320685833687606,-0.0004320685833687606,-0.0004320685833687606,-0.0004320685833687606,-0.0004320685833687606,-0.0004320685833687606,-0.0004320685833687606,-0.0004320685833687606,-0.0004320685833687606,-0.0004320685833687606,-0.0004320685833687606,-0.0004320685833687606
-0.00061103725047543123,-0.00061103725047543123,-0.00061103725047543123,-0.00061103725047543123,-0.00061103725047543123,-0.00061103725047543123,-0.00061103725047543123,-0.00061103725047543123,-0.00061103725047543123,-0.00061103725047543123,-0.00061103725047543123,-0.00061103725047543123,-0.00061103725047543123,-0.00061103725047543123,-0.00061103725047543123,-0.00061103725047543123
-0.00043206858336876098,-0.00043206858336876098,-0.00043206858336876098,-0.00043206858336876098,-0.00043206858336876098,-0.00043206858336876098,-0.00043206858336876098,-0.00043206858336876098,-0.00043206858336876098,-0.00043206858336876098,-0.00043206858336876098,-0.00043206858336876098,-0.00043206858336876098,-0.00043206858336876098,-0.00043206858336876098,-0.00043206858336876098
1,1,1,1,1,1,1,1,1,1,1,1,1,1,1,1
1.0010583475631407,1.0010583475631407,1.0010583475631407,1.0010583475631407,1.0010583475631407,1.0010583475631407,1.0010583475631407,1.0010583475631407,1.0010583475631407,1.0010583475631407,1.0010583475631407,1.0010583475631407,1.0010583475631407,1.0010583475631407,1.0010583475631407,1.0010583475631407
1.0014967294774979,1.0014967294774979,1.0014967294774979,1.0014967294774979,1.0014967294774979,1.0014967294774979,1.0014967294774979,1.0014967294774979,1.0014967294774979,1.0014967294774979,1.0014967294774979,1.0014967294774979,1.0014967294774979,1.0014967294774979,1.0014967294774979,1.0014967294774979
1.0010583475631407,1.0010583475631407,1.0010583475631407,1.0010583475631407,1.0010583475631407,1.0010583475631407,1.0010583475631407,1.0010583475631407,1.0010583475631407,1.0010583475631407,1.0010583475631407,1.0010583475631407,1.0010583475631407,1.0010583475631407,1.0010583475631407,1.0010583475631407
1,1,1,1,1,1,1,1,1,1,1,1,1,1,1,1
0.9989416524368594,0.9989416524368594,0.9989416524368594,0.9989416524368594,0.9989416524368594,0.9989416524368594,0.9989416524368594,0.9989416524368594,0.9989416524368594,0.9989416524368594,0.9989416524368594,0.9989416524368594,0.9989416524368594,0.9989416524368594,0.9989416524368594,0.9989416524368594
0.99850327052250198,0.99850327052250198,0.99850327052250198,0.99850327052250198,0.99850327052250198,0.99850327052250198,0.99850327052250198,0.99850327052250198,0.99850327052250198,0.99850327052250198,0.99850327052250198,0.99850327052250198,0.99850327052250198,0.99850327052250198,0.99850327052250198,0.99850327052250198
0.9989416524368594,0.9989416524368594,0.9989416524368594,0.9989416524368594,0.9989416524368594,0.9989416524368594,0.9989416524368594,0.9989416524368594,0.9989416524368594,0.9989416524368594,0.9989416524368594,0.9989416524368594,0.9989416524368594,0.9989416524368594,0.9989416524368594,0.9989416524368594
1,1,1,1,1,1,1,1,1,1,1,1,1,1,1,1
1.0010583475631407,1.0010583475631407,1.0010583475631407,1.0010583475631407,1.0010583475631407,1.0010583475631407,1.0010583475631407,1.0010583475631407,1.0010583475631407,1.0010583475631407,1.0010583475631407,1.0010583475631407,1.0010583475631407,1.0010583475631407,1.0010583475631407,1.0010583475631407
1.0014967294774979,1.0014967294774979,1.0014967294774979,1.0014967294774979,1.0014967294774979,1.0014967294774979,1.0014967294774979,1.0014967294774979,1.0014967294774979,1.0014967294774979,1.0014967294774979,1.0014967294774979,1.0014967294774979,1.0014967294774979,1.0014967294774979,1.0014967294774979
1.0010583475631407,1.0010583475631407,1.0010583475631407,1.0010583475631407,1.0010583475631407,1.0010583475631407,1.0010583475631407,1.0010583475631407,1.0010583475631407,1.0010583475631407,1.0010583475631407,1.0010583475631407,1.0010583475631407,1.0010583475631407,1.0010583475631407,1.0010583475631407
1,1,1,1,1,1,1,1,1,1,1,1,1,1,1,1
0.9989416524368594,0.9989416524368594,0.9989416524368594,0.9989416524368594,0.9989416524368594,0.9989416524368594,0.9989416524368594,0.9989416524368594,0.9989416524368594,0.9989416524368594,0.9989416524368594,0.9989416524368594,0.9989416524368594,0.9989416524368594,0.9989416524368594,0.9989416524368594
0.99850327052250198,0.99850327052250198,0.99850327052250198,0.99850327052250198,0.99850327052250198,0.99850327052250198,0.99850327052250198,0.99850327052250198,0.99850327052250198,0.99850327052250198,0.99850327052250198,0.99850327052250198,0.99850327052250198,0.99850327052250198,0.99850327052250198,0.99850327052250198
0.9989416524368594,0.9989416524368594,0.9989416524368594,0.9989416524368594,0.9989416524368594,0.9989416524368594,0.9989416524368594,0.9989416524368594,0.9989416524368594,0.9989416524368594,0.9989416524368594,0.9989416524368594,0.9989416524368594,0.9989416524368594,0.9989416524368594,0.9989416524368594
0,0,0,0,0,0,0,0,0,0,0,0,0,0,0,0
-3.9769839664100192e-21,-3.9769839664100192e-21,-3.9769839664100192e-21,-3.9769839664100192e-21,-3.9769839664100192e-21,-3.9769839664100192e-21,-3.9769839664100192e-21,-3.9769839664100192e-21,-3.9769839664100192e-21,-3.9769839664100192e-21,-3.9769839664100192e-21,-3.9769839664100192e-21,-3.9769839664100192e-21,-3.9769839664100192e-21,-3.9769839664100192e-21,-3.9769839664100192e-21
-5.624304662637395e-21,-5.624304662637395e-21,-5.624304662637395e-21,-5.624304662637395e-21,-5.624304662637395e-21,-5.624304662637395e-21,-5.624304662637395e-21,-5.624304662637395e-21,-5.624304662637395e-21,-5.624304662637395e-21,-5.624304662637395e-21,-5.624304662637395e-21,-5.624304662637395e-21,-5.624304662637395e-21,-5.624304662637395e-21,-5.624304662637395e-21
-3.9769839664100199e-21,-3.9769839664100199e-21,-3.9769839664100199e-21,-3.9769839664100199e-21,-3.9769839664100199e-21,-3.9769839664100199e-21,-3.9769839664100199e-21,-3.9769839664100199e-21,-3.9769839664100199e-21,-3.9769839664100199e-21,-3.9769839664100199e-21,-3.9769839664100199e-21,-3.9769839664100199e-21,-3.9769839664100199e-21,-3.9769839664100199e-21,-3.9769839664100199e-21
-6.8877867025284197e-37,-6.8877867025284197e-37,-6.8877867025284197e-37,-6.8877867025284197e-37,-6.8877867025284197e-37,-6.8877867025284197e-37,-6.8877867025284197e-37,-6.8877867025284197e-37,-6.8877867025284197e-37,-6.8877867025284197e-37,-6.8877867025284197e-37,-6.8877867025284197e-37,-6.8877867025284197e-37,-6.8877867025284197e-37,-6.8877867025284197e-37,-6.8877867025284197e-37
3.9769839664100192e-21,3.9769839664100192e-21,3.9769839664100192e-21,3.9769839664100192e-21,3.9769839664100192e-21,3.9769839664100192e-21,3.9769839664100192e-21,3.9769839664100192e-21,3.9769839664100192e-21,3.9769839664100192e-21,3.9769839664100192e-21,3.9769839664100192e-21,3.9769839664100192e-21,3.9769839664100192e-21,3.9769839664100192e-21,3.9769839664100192e-21
5.624304662637395e-21,5.624304662637395e-21,5.624304662637395e-21,5.624304662637395e-21,5.624304662637395e-21,5.624304662637395e-21,5.624304662637395e-21,5.624304662637395e-21,5.624304662637395e-21,5.624304662637395e-21,5.624304662637395e-21,5.624304662637395e-21,5.624304662637395e-21,5.624304662637395e-21,5.624304662637395e-21,5.624304662637395e-21
3.9769839664100207e-21,3.9769839664100207e-21,3.9769839664100207e-21,3.9769839664100207e-21,3.9769839664100207e-21,3.9769839664100207e-21,3.9769839664100207e-21,3.9769839664100207e-21,3.9769839664100207e-21,3.9769839664100207e-21,3.9769839664100207e-21,3.9769839664100207e-21,3.9769839664100207e-21,3.9769839664100207e-21,3.9769839664100207e-21,3.9769839664100207e-21
1.3775573405056839e-36,1.3775573405056839e-36,1.3775573405056839e-36,1.3775573405056839e-36,1.3775573405056839e-36,1.3775573405056839e-36,1.3775573405056839e-36,1.3775573405056839e-36,1.3775573405056839e-36,1.3775573405056839e-36,1.3775573405056839e-36,1.3775573405056839e-36,1.3775573405056839e-36,1.3775573405056839e-36,1.3775573405056839e-36,1.3775573405056839e-36
-3.9769839664100184e-21,-3.9769839664100184e-21,-3.9769839664100184e-21,-3.9769839664100184e-21,-3.9769839664100184e-21,-3.9769839664100184e-21,-3.9769839664100184e-21,-3.9769839664100184e-21,-3.9769839664100184e-21,-3.9769839664100184e-21,-3.9769839664100184e-21,-3.9769839664100184e-21,-3.9769839664100184e-21,-3.9769839664100184e-21,-3.9769839664100184e-21,-3.9769839664100184e-21
-5.624304662637395e-21,-5.624304662637395e-21,-5.624304662637395e-21,-5.624304662637395e-21,-5.624304662637395e-21,-5.624304662637395e-21,-5.624304662637395e-21,-5.624304662637395e-21,-5.624304662637395e-21,-5.624304662637395e-21,-5.624304662637395e-21,-5.624304662637395e-21,-5.624304662637395e-21,-5.624304662637395e-21,-5.624304662637395e-21,-5.624304662637395e-21
-3.9769839664100245e-21,-3.9769839664100245e-21,-3.9769839664100245e-21,-3.9769839664100245e-21,-3.9769839664100245e-21,-3.9769839664100245e-21,-3.9769839664100245e-21,-3.9769839664100245e-21,-3.9769839664100245e-21,-3.9769839664100245e-21,-3.9769839664100245e-21,-3.9769839664100245e-21,-3.9769839664100245e-21,-3.9769839664100245e-21,-3.9769839664100245e-21,-3.9769839664100245e-21
-2.0663360107585257e-36,-2.0663360107585257e-36,-2.0663360107585257e-36,-2.0663360107585257e-36,-2.0663360107585257e-36,-2.0663360107585257e-36,-2.0663360107585257e-36,-2.0663360107585257e-36,-2.0663360107585257e-36,-2.0663360107585257e-36,-2.0663360107585257e-36,-2.0663360107585257e-36,-2.0663360107585257e-36,-2.0663360107585257e-36,-2.0663360107585257e-36,-2.0663360107585257e-36
3.9769839664100214e-21,3.9769839664100214e-21,3.9769839664100214e-21,3.9769839664100214e-21,3.9769839664100214e-21,3.9769839664100214e-21,3.9769839664100214e-21,3.9769839664100214e-21,3.9769839664100214e-21,3.9769839664100214e-21,3.9769839664100214e-21,3.9769839664100214e-21,3.9769839664100214e-21,3.9769839664100214e-21,3.9769839664100214e-21,3.9769839664100214e-21
5.624304662637395e-21,5.624304662637395e-21,5.624304662637395e-21,5.624304662637395e-21,5.624304662637395e-21,5.624304662637395e-21,5.624304662637395e-21,5.624304662637395e-21,5.624304662637395e-21,5.624304662637395e-21,5.624304662637395e-21,5.624304662637395e-21,5.624304662637395e-21,5.624304662637395e-21,5.624304662637395e-21,5.624304662637395e-21
3.9769839664100245e-21,3.9769839664100245e-21,3.9769839664100245e-21,3.9769839664100245e-21,3.9769839664100245e-21,3.9769839664100245e-21,3.9769839664100245e-21,3.9769839664100245e-21,3.9769839664100245e-21,3.9769839664100245e-21,3.9769839664100245e-21,3.9769839664100245e-21,3.9769839664100245e-21,3.9769839664100245e-21,3.9769839664100245e-21,3.9769839664100245e-21
0,0,0,0,0,0,0,0,0,0,0,0,0,0,0,0
-1.5150033783776718e-20,-1.5150033783776718e-20,-1.5150033783776718e-20,-1.5150033783776718e-20,-1.5150033783776718e-20,-1.5150033783776718e-20,-1.5150033783776718e-20,-1.5150033783776718e-20,-1.5150033783776718e-20,-1.5150033783776718e-20,-1.5150033783776718e-20,-1.5150033783776718e-20,-1.5150033783776718e-20,-1.5150033783776718e-20,-1.5150033783776718e-20,-1.5150033783776718e-20
-2.1425383247427614e-20,-2.1425383247427614e-20,-2.1425383247427614e-20,-2.1425383247427614e-20,-2.1425383247427614e-20,-2.1425383247427614e-20,-2.1425383247427614e-20,-2.1425383247427614e-20,-2.1425383247427614e-20,-2.1425383247427614e-20,-2.1425383247427614e-20,-2.1425383247427614e-20,-2.1425383247427614e-20,-2.1425383247427614e-20,-2.1425383247427614e-20,-2.1425383247427614e-20
-1.5150033783776721e-20,-1.5150033783776721e-20,-1.5150033783776721e-20,-1.5150033783776721e-20,-1.5150033783776721e-20,-1.5150033783776721e-20,-1.5150033783776721e-20,-1.5150033783776721e-20,-1.5150033783776721e-20,-1.5150033783776721e-20,-1.5150033783776721e-20,-1.5150033783776721e-20,-1.5150033783776721e-20,-1.5150033783776721e-20,-1.5150033783776721e-20,-1.5150033783776721e-20
-2.6238527014467551e-36,-2.6238527014467551e-36,-2.6238527014467551e-36,-2.6238527014467551e-36,-2.6238527014467551e-36,-2.6238527014467551e-36,-2.6238527014467551e-36,-2.6238527014467551e-36,-2.6238527014467551e-36,-2.6238527014467551e-36,-2.6238527014467551e-36,-2.6238527014467551e-36,-2.6238527014467551e-36,-2.6238527014467551e-36,-2.6238527014467551e-36,-2.6238527014467551e-36
1.5150033783776718e-20,1.5150033783776718e-20,1.5150033783776718e-20,1.5150033783776718e-20,1.5150033783776718e-20,1.5150033783776718e-20,1.5150033783776718e-20,1.5150033783776718e-20,1.5150033783776718e-20,1.5150033783776718e-20,1.5150033783776718e-20,1.5150033783776718e-20,1.5150033783776718e-20,1.5150033783776718e-20,1.5150033783776718e-20,1.5150033783776718e-20
2.1425383247427614e-20,2.1425383247427614e-20,2.1425383247427614e-20,2.1425383247427614e-20,2.1425383247427614e-20,2.1425383247427614e-20,2.1425383247427614e-20,2.1425383247427614e-20,2.1425383247427614e-20,2.1425383247427614e-20,2.1425383247427614e-20,2.1425383247427614e-20,2.1425383247427614e-20,2.1425383247427614e-20,2.1425383247427614e-20,2.1425383247427614e-20
1.5150033783776724e-20,1.5150033783776724e-20,1.5150033783776724e-20,1.5150033783776724e-20,1.5150033783776724e-20,1.5150033783776724e-20,1.5150033783776724e-20,1.5150033783776724e-20,1.5150033783776724e-20,1.5150033783776724e-20,1.5150033783776724e-20,1.5150033783776724e-20,1.5150033783776724e-20,1.5150033783776724e-20,1.5150033783776724e-20,1.5150033783776724e-20
5.2477054028935103e-36,5.2477054028935103e-36,5.2477054028935103e-36,5.2477054028935103e-36,5.2477054028935103e-36,5.2477054028935103e-36,5.2477054028935103e-36,5.2477054028935103e-36,5.2477054028935103e-36,5.2477054028935103e-36,5.2477054028935103e-36,5.2477054028935103e-36,5.2477054028935103e-36,5.2477054028935103e-36,5.2477054028935103e-36,5.2477054028935103e-36
-1.5150033783776715e-20,-1.5150033783776715e-20,-1.5150033783776715e-20,-1.5150033783776715e-20,-1.5150033783776715e-20,-1.5150033783776715e-20,-1.5150033783776715e-20,-1.5150033783776715e-20,-1.5150033783776715e-20,-1.5150033783776715e-20,-1.5150033783776715e-20,-1.5150033783776715e-20,-1.5150033783776715e-20,-1.5150033783776715e-20,-1.5150033783776715e-20,-1.5150033783776715e-20
-2.1425383247427614e-20,-2.1425383247427614e-20,-2.1425383247427614e-20,-2.1425383247427614e-20,-2.1425383247427614e-20,-2.1425383247427614e-20,-2.1425383247427614e-20,-2.1425383247427614e-20,-2.1425383247427614e-20,-2.1425383247427614e-20,-2.1425383247427614e-20,-2.1425383247427614e-20,-2.1425383247427614e-20,-2.1425383247427614e-20,-2.1425383247427614e-20,-2.1425383247427614e-20
-1.5150033783776739e-20,-1.5150033783776739e-20,-1.5150033783776739e-20,-1.5150033783776739e-20,-1.5150033783776739e-20,-1.5150033783776739e-20,-1.5150033783776739e-20,-1.5150033783776739e-20,-1.5150033783776739e-20,-1.5150033783776739e-20,-1.5150033783776739e-20,-1.5150033783776739e-20,-1.5150033783776739e-20,-1.5150033783776739e-20,-1.5150033783776739e-20,-1.5150033783776739e-20
-7.8715581043402644e-36,-7.8715581043402644e-36,-7.8715581043402644e-36,-7.8715581043402644e-36,-7.8715581043402644e-36,-7.8715581043402644e-36,-7.8715581043402644e-36,-7.8715581043402644e-36,-7.8715581043402644e-36,-7.8715581043402644e-36,-7.8715581043402644e-36,-7.8715581043402644e-36,-7.8715581043402644e-36,-7.8715581043402644e-36,-7.8715581043402644e-36,-7.8715581043402644e-36
1.5150033783776727e-20,1.5150033783776727e-20,1.5150033783776727e-20,1.5150033783776727e-20,1.5150033783776727e-20,1.5150033783776727e-20,1.5150033783776727e-20,1.5150033783776727e-20,1.5150033783776727e-20,1.5150033783776727e-20,1.5150033783776727e-20,1.5150033783776727e-20,1.5150033783776727e-20,1.5150033783776727e-20,1.5150033783776727e-20,1.5150033783776727e-20
2.1425383247427614e-20,2.1425383247427614e-20,2.1425383247427614e-20,2.1425383247427614e-20,2.1425383247427614e-20,2.1425383247427614e-20,2.1425383247427614e-20,2.1425383247427614e-20,2.1425383247427614e-20,2.1425383247427614e-20,2.1425383247427614e-20,2.1425383247427614e-20,2.1425383247427614e-20,2.1425383247427614e-20,2.1425383247427614e-20,2.1425383247427614e-20
1.5150033783776739e-20,1.5150033783776739e-20,1.5150033783776739e-20,1.5150033783776739e-20,1.5150033783776739e-20,1.5150033783776739e-20,1.5150033783776739e-20,1.5150033783776739e-20,1.5150033783776739e-20,1.5150033783776739e-20,1.5150033783776739e-20,1.5150033783776739e-20,1.5150033783776739e-20,1.5150033783776739e-20,1.5150033783776739e-20,1.5150033783776739e-20
3,3,3,3,3,3,3,3,3,3,3,3,3,3,3,3
3.0005291737815702,3.0005291737815702,3.0005291737815702,3.0005291737815702,3.0005291737815702,3.0005291737815702,3.0005291737815702,3.0005291737815702,3.0005291737815702,3.0005291737815702,3.0005291737815702,3.0005291737815702,3.0005291737815702,3.0005291737815702,3.0005291737815702,3.0005291737815702
3.0007483647387492,3.0007483647387492,3.0007483647387492,3.0007483647387492,3.0007483647387492,3.0007483647387492,3.0007483647387492,3.0007483647387492,3.0007483647387492,3.0007483647387492,3.0007483647387492,3.0007483647387492,3.0007483647387492,3.0007483647387492,3.0007483647387492,3.0007483647387492
3.0005291737815702,3.0005291737815702,3.0005291737815702,3.0005291737815702,3.0005291737815702,3.0005291737815702,3.0005291737815702,3.0005291737815702,3.0005291737815702,3.0005291737815702,3.0005291737815702,3.0005291737815702,3.0005291737815702,3.0005291737815702,3.0005291737815702,3.0005291737815702
3,3,3,3,3,3,3,3,3,3,3,3,3,3,3,3
2.9994708262184298,2.9994708262184298,2.9994708262184298,2.9994708262184298,2.9994708262184298,2.9994708262184298,2.9994708262184298,2.9994708262184298,2.9994708262184298,2.9994708262184298,2.9994708262184298,2.9994708262184298,2.9994708262184298,2.9994708262184298,2.9994708262184298,2.9994708262184298
2.9992516352612508,2.9992516352612508,2.9992516352612508,2.9992516352612508,2.9992516352612508,2.9992516352612508,2.9992516352612508,2.9992516352612508,2.9992516352612508,2.9992516352612508,2.9992516352612508,2.9992516352612508,2.9992516352612508,2.9992516352612508,2.9992516352612508,2.9992516352612508
2.9994708262184298,2.9994708262184298,2.9994708262184298,2.9994708262184298,2.9994708262184298,2.9994708262184298,2.9994708262184298,2.9994708262184298,2.9994708262184298,2.9994708262184298,2.9994708262184298,2.9994708262184298,2.9994708262184298,2.9994708262184298,2.9994708262184298,2.9994708262184298
3,3,3,3,3,3,3,3,3,3,3,3,3,3,3,3
3.0005291737815702,3.0005291737815702,3.0005291737815702,3.0005291737815702,3.0005291737815702,3.0005291737815702,3.0005291737815702,3.0005291737815702,3.0005291737815702,3.0005291737815702,3.0005291737815702,3.0005291737815702,3.0005291737815702,3.0005291737815702,3.0005291737815702,3.0005291737815702
3.0007483647387492,3.0007483647387492,3.0007483647387492,3.0007483647387492,3.0007483647387492,3.0007483647387492,3.0007483647387492,3.0007483647387492,3.0007483647387492,3.0007483647387492,3.0007483647387492,3.0007483647387492,3.0007483647387492,3.0007483647387492,3.0007483647387492,3.0007483647387492
3.0005291737815702,3.0005291737815702,3.0005291737815702,3.0005291737815702,3.0005291737815702,3.0005291737815702,3.0005291737815702,3.0005291737815702,3.0005291737815702,3.0005291737815702,3.0005291737815702,3.0005291737815702,3.0005291737815702,3.0005291737815702,3.0005291737815702,3.0005291737815702
3,3,3,3,3,3,3,3,3,3,3,3,3,3,3,3
2.9994708262184298,2.9994708262184298,2.9994708262184298,2.9994708262184298,2.9994708262184298,2.9994708262184298,2.9994708262184298,2.9994708262184298,2.9994708262184298,2.9994708262184298,2.9994708262184298,2.9994708262184298,2.9994708262184298,2.9994708262184298,2.9994708262184298,2.9994708262184298
2.9992516352612508,2.9992516352612508,2.9992516352612508,2.9992516352612508,2.9992516352612508,2.9992516352612508,2.9992516352612508,2.9992516352612508,2.9992516352612508,2.9992516352612508,2.9992516352612508,2.9992516352612508,2.9992516352612508,2.9992516352612508,2.9992516352612508,2.9992516352612508
2.9994708262184298,2.9994708262184298,2.9994708262184298,2.9994708262184298,2.9994708262184298,2.9994708262184298,2.9994708262184298,2.9994708262184298,2.9994708262184298,2.9994708262184298,2.9994708262184298,2.9994708262184298,2.9994708262184298,2.9994708262184298,2.9994708262184298,2.9994708262184298
